table,target,n,n_own,n_par,n_chi,r2_own,r2_parent,r2_child,corpus,db,r2_own_c,r2_parent_c,r2_child_c,parent_lift,child_lift
table_3,feature_21,868,32,10,26,0.9866613575080008,0.9867064008970932,0.986641514296688,plurel,plurel-0/db,0.9866613575080008,0.9867064008970932,0.986641514296688,4.5043389092391806e-05,-1.9843211312764453e-05
table_3,feature_9,868,32,10,26,0.996723137436815,0.9966666696207604,0.996687111252674,plurel,plurel-0/db,0.996723137436815,0.9966666696207604,0.996687111252674,-5.646781605450624e-05,-3.602618414100256e-05
table_3,feature_33,868,32,10,26,0.9992888296824124,0.9992704874488576,0.9992767824892764,plurel,plurel-0/db,0.9992888296824124,0.9992704874488576,0.9992767824892764,-1.8342233554791143e-05,-1.2047193135966694e-05
table_0,feature_27,647,23,0,13,-0.1576158719549658,,-0.0557101173110736,plurel,plurel-1/db,-0.1576158719549658,,-0.0557101173110736,,0.10190575464389219
table_0,feature_26,647,23,0,13,-0.353260648009698,,-0.2813688184846525,plurel,plurel-1/db,-0.353260648009698,,-0.2813688184846525,,0.07189182952504547
table_1,feature_6,480,11,15,13,-0.2019179088216756,-0.2987410708870457,-0.1631715970209402,plurel,plurel-1/db,-0.2019179088216756,-0.2987410708870457,-0.1631715970209402,-0.09682316206537012,0.0387463118007354
table_1,feature_7,847,20,13,60,-0.1536153403409188,-0.2098849225563639,-0.20327802532188,plurel,plurel-10/db,-0.1536153403409188,-0.2098849225563639,-0.20327802532188,-0.05626958221544509,-0.049662684980961186
table_3,feature_15,867,17,15,0,-0.0682533873446993,-0.0518191193080415,,plurel,plurel-10/db,-0.0682533873446993,-0.0518191193080415,,0.016434268036657797,
table_10,feature_12,3915,27,14,0,0.4863735169014833,0.7739931041416239,,plurel,plurel-10/db,0.4863735169014833,0.7739931041416239,,0.28761958724014064,
table_0,feature_14,726,17,0,76,0.0242197628783199,,0.0054202421560404,plurel,plurel-100/db,0.0242197628783199,,0.0054202421560404,,-0.0187995207222795
table_5,feature_3,592,6,34,111,0.8686739316530968,0.8883379556338903,0.8569626791629739,plurel,plurel-100/db,0.8686739316530968,0.8883379556338903,0.8569626791629739,0.019664023980793477,-0.011711252490122948
table_8,feature_6,783,30,26,19,0.6685744688584887,0.6938807727269333,0.6595738317882217,plurel,plurel-100/db,0.6685744688584887,0.6938807727269333,0.6595738317882217,0.02530630386844457,-0.009000637070266992
table_1,feature_0,761,5,4,0,0.7193007879264139,0.7379676362445096,,plurel,plurel-101/db,0.7193007879264139,0.7379676362445096,,0.01866684831809562,
table_9,feature_8,521,33,15,50,-0.2403873546360508,-0.1396138818012751,-0.2071503061867783,plurel,plurel-101/db,-0.2403873546360508,-0.1396138818012751,-0.2071503061867783,0.1007734728347757,0.0332370484492725
table_2,feature_1,800,23,4,0,-0.2057582708548164,-0.1379356060842502,,plurel,plurel-101/db,-0.2057582708548164,-0.1379356060842502,,0.0678226647705662,
table_0,feature_4,3710,11,22,0,-0.1482202974163387,0.6606994868810294,,plurel,plurel-102/db,-0.1482202974163387,0.6606994868810294,,0.8089197842973681,
table_1,feature_4,683,12,0,22,-0.1610801479128372,,-0.2597343982559947,plurel,plurel-102/db,-0.1610801479128372,,-0.2597343982559947,,-0.0986542503431575
table_2,feature_4,849,6,0,22,0.7104034480571465,,0.81157674104401,plurel,plurel-102/db,0.7104034480571465,,0.81157674104401,,0.1011732929868635
table_2,feature_14,870,30,28,72,0.7686496860840117,0.8886307677103621,0.7469214252608176,plurel,plurel-103/db,0.7686496860840117,0.8886307677103621,0.7469214252608176,0.11998108162635035,-0.021728260823194123
table_8,feature_19,3058,8,28,0,0.577291173823004,0.5687633406690985,,plurel,plurel-103/db,0.577291173823004,0.5687633406690985,,-0.008527833153905484,
table_8,feature_9,3058,8,28,0,-0.1580061315841916,-0.2491236623973969,,plurel,plurel-103/db,-0.1580061315841916,-0.2491236623973969,,-0.09111753081320528,
table_5,feature_2,2038,8,10,0,0.8194583444542911,0.9431633777025644,,plurel,plurel-104/db,0.8194583444542911,0.9431633777025644,,0.12370503324827331,
table_4,feature_1,2578,3,10,0,-0.1090070242119281,-0.0919648923622857,,plurel,plurel-104/db,-0.1090070242119281,-0.0919648923622857,,0.0170421318496424,
table_6,feature_1,2741,10,5,0,0.995463033884551,0.9954763787498432,,plurel,plurel-104/db,0.995463033884551,0.9954763787498432,,1.334486529214196e-05,
table_2,feature_10,3675,13,13,0,-0.1654294096815525,-0.1272834513823215,,plurel,plurel-105/db,-0.1654294096815525,-0.1272834513823215,,0.03814595829923101,
table_0,feature_4,751,5,0,47,0.0878522695023003,,0.5967050404380061,plurel,plurel-105/db,0.0878522695023003,,0.5967050404380061,,0.5088527709357058
table_1,feature_0,612,3,7,34,-0.1166137245746148,-0.3325049863303038,-0.1783300752060748,plurel,plurel-105/db,-0.1166137245746148,-0.3325049863303038,-0.1783300752060748,-0.21589126175568898,-0.06171635063146
table_2,feature_1,2940,2,18,0,-0.1321397860447537,-0.1623727123932112,,plurel,plurel-106/db,-0.1321397860447537,-0.1623727123932112,,-0.03023292634845748,
table_8,feature_2,674,11,5,70,0.4128393095012191,0.5152074813315821,0.4653103006643929,plurel,plurel-106/db,0.4128393095012191,0.5152074813315821,0.4653103006643929,0.10236817183036301,0.052470991163173775
table_6,feature_1,3357,3,14,0,0.4142086494231324,0.984253463388616,,plurel,plurel-106/db,0.4142086494231324,0.984253463388616,,0.5700448139654836,
table_11,feature_7,956,15,14,0,0.942158953191552,0.9403805438862024,,plurel,plurel-107/db,0.942158953191552,0.9403805438862024,,-0.0017784093053495598,
table_6,feature_26,834,28,26,54,0.080661749249465,0.0638706490550308,0.0926578967925328,plurel,plurel-107/db,0.080661749249465,0.0638706490550308,0.0926578967925328,-0.016791100194434194,0.011996147543067812
table_13,feature_7,804,7,31,0,0.3850294874209516,0.4117263770357776,,plurel,plurel-107/db,0.3850294874209516,0.4117263770357776,,0.02669688961482597,
table_3,feature_4,914,27,19,22,0.7656211579751836,0.7694217933987062,0.751479705740201,plurel,plurel-108/db,0.7656211579751836,0.7694217933987062,0.751479705740201,0.0038006354235226025,-0.014141452234982643
table_1,feature_27,2969,32,15,0,0.998403713361106,0.9984127641957212,,plurel,plurel-108/db,0.998403713361106,0.9984127641957212,,9.050834615220715e-06,
table_3,feature_16,914,27,19,22,-0.3152485840789243,-0.3312087212612282,-0.2878176826389929,plurel,plurel-108/db,-0.3152485840789243,-0.3312087212612282,-0.2878176826389929,-0.01596013718230388,0.027430901439931432
table_2,feature_7,727,24,15,19,-0.0993439957655202,-0.1751432302359605,-0.1513618267295329,plurel,plurel-109/db,-0.0993439957655202,-0.1751432302359605,-0.1513618267295329,-0.07579923447044032,-0.05201783096401272
table_6,feature_13,2052,16,40,0,0.944486727654232,0.9538333667881004,,plurel,plurel-109/db,0.944486727654232,0.9538333667881004,,0.00934663913386835,
table_7,feature_22,598,28,6,122,0.9156358920487572,0.917484307760608,0.8983027490786322,plurel,plurel-109/db,0.9156358920487572,0.917484307760608,0.8983027490786322,0.0018484157118507927,-0.017333142970125004
table_8,feature_9,1994,10,26,0,-0.2375016826421845,-0.2435539291203234,,plurel,plurel-11/db,-0.2375016826421845,-0.2435539291203234,,-0.006052246478138901,
table_6,feature_0,3830,10,19,0,0.1171504027815596,0.4679636196500055,,plurel,plurel-11/db,0.1171504027815596,0.4679636196500055,,0.3508132168684459,
table_2,feature_6,3819,4,4,0,-0.118746811908639,0.8807206685884902,,plurel,plurel-11/db,-0.118746811908639,0.8807206685884902,,0.9994674804971292,
table_1,feature_12,546,9,0,98,-0.3271247563208384,,0.9872088339543194,plurel,plurel-110/db,-0.3271247563208384,,0.9872088339543194,,1.3143335902751576
table_0,feature_25,2761,16,11,0,0.9862135936261336,0.9961610428530938,,plurel,plurel-110/db,0.9862135936261336,0.9961610428530938,,0.009947449226960225,
table_2,feature_11,3248,19,11,0,0.9975416296864474,0.9991820070358544,,plurel,plurel-110/db,0.9975416296864474,0.9991820070358544,,0.0016403773494069185,
table_12,feature_8,584,20,29,27,0.2815992652157436,0.2361919016565627,0.2857180457586197,plurel,plurel-111/db,0.2815992652157436,0.2361919016565627,0.2857180457586197,-0.045407363559180874,0.0041187805428761215
table_12,feature_6,584,20,29,27,0.2622356613527487,0.3492363177498416,0.1765039425034742,plurel,plurel-111/db,0.2622356613527487,0.3492363177498416,0.1765039425034742,0.08700065639709292,-0.08573171884927447
table_12,feature_10,584,20,29,27,-0.1514452476076693,-0.0589080838760456,0.0434382164869224,plurel,plurel-111/db,-0.1514452476076693,-0.0589080838760456,0.0434382164869224,0.09253716373162371,0.1948834640945917
table_6,feature_2,881,14,7,0,0.5787822222131502,0.7185325718002086,,plurel,plurel-112/db,0.5787822222131502,0.7185325718002086,,0.13975034958705834,
table_2,feature_20,520,17,0,16,-0.1572682758943253,,-0.0581980338721206,plurel,plurel-112/db,-0.1572682758943253,,-0.0581980338721206,,0.09907024202220469
table_4,feature_19,910,10,14,19,0.4448270995721263,0.5735714666404663,0.4098608934880117,plurel,plurel-113/db,0.4448270995721263,0.5735714666404663,0.4098608934880117,0.12874436706834003,-0.034966206084114604
table_6,feature_9,905,8,0,19,-0.1498946455476508,,-0.0753294555056875,plurel,plurel-113/db,-0.1498946455476508,,-0.0753294555056875,,0.07456519004196331
table_7,feature_4,496,5,14,26,0.5957540229959775,0.705263874452382,0.550170735075156,plurel,plurel-113/db,0.5957540229959775,0.705263874452382,0.550170735075156,0.10950985145640457,-0.04558328792082145
table_2,feature_3,607,30,15,28,-0.0967254985543804,-0.1453571440806187,-0.0684382081967802,plurel,plurel-114/db,-0.0967254985543804,-0.1453571440806187,-0.0684382081967802,-0.048631645526238304,0.028287290357600192
table_6,feature_20,760,13,0,64,-0.1618924923790206,,-0.1985406155061799,plurel,plurel-114/db,-0.1618924923790206,,-0.1985406155061799,,-0.036648123127159316
table_0,feature_11,949,11,33,46,-0.1965327497727895,-0.2696275992210539,-0.2111746981439393,plurel,plurel-114/db,-0.1965327497727895,-0.2696275992210539,-0.2111746981439393,-0.07309484944826439,-0.014641948371149793
table_1,feature_3,486,4,22,7,0.026226053488498,0.2098289507384526,-0.1268812351066333,plurel,plurel-115/db,0.026226053488498,0.2098289507384526,-0.1268812351066333,0.1836028972499546,-0.15310728859513129
table_0,feature_6,620,20,0,10,-0.2019612573812628,,-0.3511081998054057,plurel,plurel-115/db,-0.2019612573812628,,-0.3511081998054057,,-0.1491469424241429
table_0,feature_9,620,20,0,10,-0.2483084942570599,,-0.2759137843298724,plurel,plurel-115/db,-0.2483084942570599,,-0.2759137843298724,,-0.02760529007281251
table_17,feature_10,3075,15,13,0,-0.0645209169345557,-0.0235077715533706,,plurel,plurel-116/db,-0.0645209169345557,-0.0235077715533706,,0.0410131453811851,
table_10,feature_34,846,38,7,0,-0.1336485444962198,-0.1257589362993134,,plurel,plurel-116/db,-0.1336485444962198,-0.1257589362993134,,0.0078896081969064,
table_3,feature_3,489,5,11,10,0.7049137431252881,0.7301986898496897,0.6617460678789043,plurel,plurel-116/db,0.7049137431252881,0.7301986898496897,0.6617460678789043,0.025284946724401625,-0.04316767524638376
table_16,feature_1,787,27,33,13,0.0457080775948138,0.2237737584292546,0.0350106124717204,plurel,plurel-117/db,0.0457080775948138,0.2237737584292546,0.0350106124717204,0.1780656808344408,-0.0106974651230934
table_15,feature_4,653,14,0,16,-0.2657188438740421,,-0.2550115669671535,plurel,plurel-117/db,-0.2657188438740421,,-0.2550115669671535,,0.010707276906888608
table_5,feature_8,859,10,33,13,0.4574422284862229,0.4332972872387182,0.4243945086650275,plurel,plurel-117/db,0.4574422284862229,0.4332972872387182,0.4243945086650275,-0.024144941247504714,-0.03304771982119542
table_0,feature_14,3692,14,4,0,0.362584486012474,0.3703379709917058,,plurel,plurel-118/db,0.362584486012474,0.3703379709917058,,0.007753484979231784,
table_1,feature_0,797,2,0,41,-0.0198186121979964,,0.8832555640510977,plurel,plurel-118/db,-0.0198186121979964,,0.8832555640510977,,0.9030741762490941
table_0,feature_10,3697,14,4,0,0.9837095633609456,0.9940753872665652,,plurel,plurel-118/db,0.9837095633609456,0.9940753872665652,,0.010365823905619576,
table_1,feature_2,650,14,8,28,-0.1399921038630716,-0.1489685112709224,0.7525589845102372,plurel,plurel-119/db,-0.1399921038630716,-0.1489685112709224,0.7525589845102372,-0.0089764074078508,0.8925510883733088
table_1,feature_3,650,14,8,28,-0.2894822232026468,-0.3267823057411518,-0.2276414545693781,plurel,plurel-119/db,-0.2894822232026468,-0.3267823057411518,-0.2276414545693781,-0.037300082538504975,0.06184076863326873
table_4,feature_2,605,5,8,31,-0.220516735083091,-0.3731573493780895,-0.3158201084457415,plurel,plurel-119/db,-0.220516735083091,-0.3731573493780895,-0.3158201084457415,-0.15264061429499848,-0.09530337336265049
table_0,feature_9,768,14,4,34,-0.2505240813292395,-0.1361007779005889,-0.1625874592616156,plurel,plurel-12/db,-0.2505240813292395,-0.1361007779005889,-0.1625874592616156,0.11442330342865059,0.08793662206762387
table_4,feature_15,2907,18,46,0,0.9981252681916496,0.998800909566766,,plurel,plurel-12/db,0.9981252681916496,0.998800909566766,,0.0006756413751164425,
table_10,feature_12,3723,14,29,0,-0.140336263193233,-0.1025790277476452,,plurel,plurel-12/db,-0.140336263193233,-0.1025790277476452,,0.0377572354455878,
table_2,feature_10,881,10,0,22,-0.0311921024948254,,0.0974754366594207,plurel,plurel-120/db,-0.0311921024948254,,0.0974754366594207,,0.12866753915424609
table_6,feature_11,849,21,0,7,0.9056490126635178,,0.9223727924076592,plurel,plurel-120/db,0.9056490126635178,,0.9223727924076592,,0.01672377974414141
table_7,feature_21,2051,26,11,0,0.8336986187760256,0.9310244050233571,,plurel,plurel-120/db,0.8336986187760256,0.9310244050233571,,0.09732578624733157,
table_1,feature_2,732,10,0,16,-0.3037603199178147,,-0.3581216190398411,plurel,plurel-121/db,-0.3037603199178147,,-0.3581216190398411,,-0.05436129912202636
table_4,feature_19,3645,21,20,0,-0.1058566748026832,-0.0791530399478757,,plurel,plurel-121/db,-0.1058566748026832,-0.0791530399478757,,0.026703634854807493,
table_2,feature_3,725,4,12,13,-0.2709526846444314,-0.3081227415132406,-0.3142358921539585,plurel,plurel-121/db,-0.2709526846444314,-0.3081227415132406,-0.3142358921539585,-0.0371700568688092,-0.04328320750952708
table_3,feature_1,946,6,11,65,0.9932177952476527,0.9926087331034736,0.9920803131175197,plurel,plurel-122/db,0.9932177952476527,0.9926087331034736,0.9920803131175197,-0.0006090621441791066,-0.001137482130133094
table_11,feature_15,710,26,13,10,0.9750416108901584,0.9738322575054776,0.9752003289159016,plurel,plurel-122/db,0.9750416108901584,0.9738322575054776,0.9752003289159016,-0.0012093533846807558,0.0001587180257431875
table_16,feature_10,653,13,10,34,0.7965978483133188,0.8881040225996298,0.7537411020812654,plurel,plurel-122/db,0.7965978483133188,0.8881040225996298,0.7537411020812654,0.09150617428631103,-0.04285674623205338
table_9,feature_5,789,5,0,7,-0.2271982823999929,,-0.1703323418606375,plurel,plurel-123/db,-0.2271982823999929,,-0.1703323418606375,,0.0568659405393554
table_0,feature_2,898,3,0,44,-0.1263412805639965,,-0.2421060580809553,plurel,plurel-123/db,-0.1263412805639965,,-0.2421060580809553,,-0.11576477751695882
table_15,feature_7,848,19,0,29,0.4018777520789013,,0.4035787948583135,plurel,plurel-123/db,0.4018777520789013,,0.4035787948583135,,0.0017010427794121874
table_0,feature_11,822,15,0,121,-0.2382824251163919,,0.9190366777721644,plurel,plurel-124/db,-0.2382824251163919,,0.9190366777721644,,1.1573191028885563
table_0,feature_0,822,15,0,121,-0.2483064319727694,,-0.1235812487083973,plurel,plurel-124/db,-0.2483064319727694,,-0.1235812487083973,,0.12472518326437208
table_12,feature_22,792,16,33,0,0.8960753949846918,0.8929393981166133,,plurel,plurel-124/db,0.8960753949846918,0.8929393981166133,,-0.0031359968680785277,
table_0,feature_2,570,4,0,54,-0.188052921767351,,0.7647986884881943,plurel,plurel-125/db,-0.188052921767351,,0.7647986884881943,,0.9528516102555453
table_1,feature_0,3730,6,22,0,0.90720002692979,0.9660499823813592,,plurel,plurel-125/db,0.90720002692979,0.9660499823813592,,0.058849955451569236,
table_2,feature_10,640,13,6,26,0.5508142680379188,0.539032848734613,0.9812309979570912,plurel,plurel-125/db,0.5508142680379188,0.539032848734613,0.9812309979570912,-0.011781419303305785,0.43041672991917246
table_0,feature_1,2168,7,21,0,-0.1918287626872328,-0.1823587809036544,,plurel,plurel-126/db,-0.1918287626872328,-0.1823587809036544,,0.009469981783578413,
table_5,feature_14,544,14,0,52,0.921968168004242,,0.9266582779578448,plurel,plurel-126/db,0.921968168004242,,0.9266582779578448,,0.004690109953602861
table_5,feature_0,544,14,0,52,0.5393772509703509,,0.784313536204257,plurel,plurel-126/db,0.5393772509703509,,0.784313536204257,,0.2449362852339061
table_7,feature_0,534,6,0,31,0.4166881444426762,,0.2648448156816833,plurel,plurel-127/db,0.4166881444426762,,0.2648448156816833,,-0.15184332876099293
table_9,feature_11,796,14,9,0,0.6520808508116376,0.7777124822406497,,plurel,plurel-129/db,0.6520808508116376,0.7777124822406497,,0.12563163142901212,
table_6,feature_10,718,4,6,26,0.9700172670663406,0.962288146461546,0.9620376656857051,plurel,plurel-129/db,0.9700172670663406,0.962288146461546,0.9620376656857051,-0.0077291206047945815,-0.00797960138063547
table_1,feature_2,516,7,0,63,0.9770755947002548,,0.9759461794936012,plurel,plurel-129/db,0.9770755947002548,,0.9759461794936012,,-0.0011294152066536611
table_7,feature_3,915,18,25,13,0.2215028949167776,0.213863602729977,0.237912989327377,plurel,plurel-13/db,0.2215028949167776,0.213863602729977,0.237912989327377,-0.007639292186800595,0.016410094410599402
table_18,feature_3,3684,4,8,0,-0.1251484403927552,-0.1545085485616191,,plurel,plurel-13/db,-0.1251484403927552,-0.1545085485616191,,-0.02936010816886392,
table_17,feature_3,608,5,18,13,-0.3142653405335764,-0.1762886210607128,-0.4014806603053285,plurel,plurel-13/db,-0.3142653405335764,-0.1762886210607128,-0.4014806603053285,0.1379767194728636,-0.08721531977175206
table_2,feature_5,3685,5,26,0,0.9328117483550736,0.9990796538300204,,plurel,plurel-130/db,0.9328117483550736,0.9990796538300204,,0.06626790547494676,
table_5,feature_13,796,20,19,22,0.9037120636329358,0.9286855099207174,0.8991097913749332,plurel,plurel-130/db,0.9037120636329358,0.9286855099207174,0.8991097913749332,0.024973446287781642,-0.004602272258002582
table_0,feature_17,1895,19,31,0,0.8889441400476875,0.916835843957622,,plurel,plurel-131/db,0.8889441400476875,0.916835843957622,,0.02789170390993445,
table_12,feature_4,1872,21,36,0,0.9874439798365694,0.9974414382303046,,plurel,plurel-131/db,0.9874439798365694,0.9974414382303046,,0.009997458393735226,
table_4,feature_19,497,20,39,40,0.1661058994265046,0.1207718986595542,0.7375597813726988,plurel,plurel-131/db,0.1661058994265046,0.1207718986595542,0.7375597813726988,-0.045334000766950405,0.5714538819461943
table_1,feature_13,2842,25,13,0,0.2434212006805761,0.2655975115007256,,plurel,plurel-132/db,0.2434212006805761,0.2655975115007256,,0.02217631082014948,
table_0,feature_5,679,7,0,87,0.1410861421680438,,0.0783577626642267,plurel,plurel-132/db,0.1410861421680438,,0.0783577626642267,,-0.0627283795038171
table_1,feature_8,2842,25,13,0,0.9984993177409855,0.9987433804315192,,plurel,plurel-132/db,0.9984993177409855,0.9987433804315192,,0.00024406269053367513,
table_0,feature_16,649,24,0,31,-0.1407021557568972,,0.5091766016322355,plurel,plurel-133/db,-0.1407021557568972,,0.5091766016322355,,0.6498787573891327
table_1,feature_1,3591,9,9,0,0.9965282417046988,0.9992688263495908,,plurel,plurel-133/db,0.9965282417046988,0.9992688263495908,,0.002740584644892019,
table_3,feature_10,804,9,26,16,0.4033930785675196,0.4059750726025942,0.4080060334344187,plurel,plurel-133/db,0.4033930785675196,0.4059750726025942,0.4080060334344187,0.0025819940350745862,0.0046129548668991105
table_0,feature_2,2584,22,0,61,0.7679345774035284,,0.7596341801432791,rdbpfn,large_woGNN/dag_rdb_1004,0.7679345774035284,,0.7596341801432791,,-0.008300397260249337
table_0,feature_18,2584,22,0,61,0.7370800476672419,,0.7336307885826054,rdbpfn,large_woGNN/dag_rdb_1004,0.7370800476672419,,0.7336307885826054,,-0.003449259084636447
table_2,feature_8,4000,11,20,64,0.9487397950464744,0.9609682870131594,0.9393546901601102,rdbpfn,large_woGNN/dag_rdb_1004,0.9487397950464744,0.9609682870131594,0.9393546901601102,0.012228491966684962,-0.009385104886364237
table_2,feature_14,1070,22,21,0,0.1374708851163457,0.1682570150108907,,rdbpfn,large_woGNN/dag_rdb_1005,0.1374708851163457,0.1682570150108907,,0.03078612989454499,
table_1,feature_6,1055,20,21,0,0.9442660641323974,0.9413503795623136,,rdbpfn,large_woGNN/dag_rdb_1005,0.9442660641323974,0.9413503795623136,,-0.002915684570083843,
table_4,feature_8,1144,12,37,0,0.8184179508019988,0.8064342224388666,,rdbpfn,large_woGNN/dag_rdb_1005,0.8184179508019988,0.8064342224388666,,-0.011983728363132107,
table_1,feature_18,1690,21,12,40,0.3435190700228034,0.3350073523574919,0.3620136154663812,rdbpfn,large_woGNN/dag_rdb_1006,0.3435190700228034,0.3350073523574919,0.3620136154663812,-0.008511717665311502,0.018494545443577814
table_1,feature_4,1690,21,12,40,0.5015244225040983,0.519299947431614,0.5040890890579951,rdbpfn,large_woGNN/dag_rdb_1006,0.5015244225040983,0.519299947431614,0.5040890890579951,0.017775524927515662,0.002564666553896755
table_1,feature_12,1690,21,12,40,0.2461480851434527,0.2606073190069791,0.2494256948295102,rdbpfn,large_woGNN/dag_rdb_1006,0.2461480851434527,0.2606073190069791,0.2494256948295102,0.014459233863526377,0.0032776096860575032
table_2,feature_10,2211,18,24,0,0.6191440410452236,0.584275023931604,,rdbpfn,large_woGNN/dag_rdb_1007,0.6191440410452236,0.584275023931604,,-0.03486901711361956,
table_1,feature_0,2082,20,24,0,0.9001386388031604,0.8979641003776092,,rdbpfn,large_woGNN/dag_rdb_1007,0.9001386388031604,0.8979641003776092,,-0.0021745384255511535,
table_1,feature_12,2082,20,24,0,0.7363264561822824,0.7030222735243807,,rdbpfn,large_woGNN/dag_rdb_1007,0.7363264561822824,0.7030222735243807,,-0.03330418265790169,
table_1,feature_6,1001,15,23,0,0.6572486467718142,0.7231799478590111,,rdbpfn,large_woGNN/dag_rdb_1008,0.6572486467718142,0.7231799478590111,,0.06593130108719691,
table_0,feature_0,1128,22,0,92,0.8014648232721419,,0.7901870258856187,rdbpfn,large_woGNN/dag_rdb_1008,0.8014648232721419,,0.7901870258856187,,-0.011277797386523125
table_1,feature_0,1001,15,23,0,0.4050647400363643,0.5325395068958008,,rdbpfn,large_woGNN/dag_rdb_1008,0.4050647400363643,0.5325395068958008,,0.12747476685943648,
table_4,feature_4,1075,13,24,0,-0.1336796803286595,-0.1595379434251473,,rdbpfn,large_woGNN/dag_rdb_1009,-0.1336796803286595,-0.1595379434251473,,-0.025858263096487782,
table_1,feature_6,1745,11,0,119,0.2085258458288219,,0.152022184131186,rdbpfn,large_woGNN/dag_rdb_1009,0.2085258458288219,,0.152022184131186,,-0.056503661697635876
table_0,feature_8,1000,11,0,159,0.8719929074944018,,0.8674002120860627,rdbpfn,large_woGNN/dag_rdb_1009,0.8719929074944018,,0.8674002120860627,,-0.004592695408339176
table_2,feature_4,2223,11,12,40,0.7675558547074791,0.7578555958517899,0.7631396377146034,rdbpfn,large_woGNN/dag_rdb_500,0.7675558547074791,0.7578555958517899,0.7631396377146034,-0.009700258855689259,-0.004416216992875754
table_5,feature_2,4000,11,14,0,0.146945078211565,0.1542828009744091,,rdbpfn,large_woGNN/dag_rdb_500,0.146945078211565,0.1542828009744091,,0.007337722762844112,
table_1,feature_6,4000,11,0,83,0.0803033181117187,,0.0639020151722974,rdbpfn,large_woGNN/dag_rdb_500,0.0803033181117187,,0.0639020151722974,,-0.016401302939421297
table_3,feature_10,4000,11,15,0,-0.0718791910720026,-0.1076932383554662,,rdbpfn,large_woGNN/dag_rdb_501,-0.0718791910720026,-0.1076932383554662,,-0.0358140472834636,
table_0,feature_8,1066,14,0,221,0.0906091269545267,,0.079013037163714,rdbpfn,large_woGNN/dag_rdb_501,0.0906091269545267,,0.079013037163714,,-0.01159608979081271
table_4,feature_10,4000,11,15,0,0.8609586142815268,0.8960634399799379,,rdbpfn,large_woGNN/dag_rdb_501,0.8609586142815268,0.8960634399799379,,0.03510482569841111,
table_0,feature_0,2992,11,0,86,0.8051709982706,,0.7935986542528244,rdbpfn,large_woGNN/dag_rdb_502,0.8051709982706,,0.7935986542528244,,-0.011572344017775626
table_3,feature_4,2403,11,31,0,-0.194056304173698,-0.1122633015791938,,rdbpfn,large_woGNN/dag_rdb_502,-0.194056304173698,-0.1122633015791938,,0.08179300259450421,
table_1,feature_4,4000,18,0,86,0.5117380889406457,,0.4998020799034471,rdbpfn,large_woGNN/dag_rdb_502,0.5117380889406457,,0.4998020799034471,,-0.011936009037198547
table_2,feature_6,1204,11,24,0,0.2752782781103295,0.2980326377643103,,rdbpfn,large_woGNN/dag_rdb_503,0.2752782781103295,0.2980326377643103,,0.022754359653980816,
table_1,feature_8,1000,11,0,43,0.7629714487980853,,0.7517256934828589,rdbpfn,large_woGNN/dag_rdb_503,0.7629714487980853,,0.7517256934828589,,-0.011245755315226424
table_1,feature_4,1000,11,0,43,0.7648287728881478,,0.7320699223207747,rdbpfn,large_woGNN/dag_rdb_503,0.7648287728881478,,0.7320699223207747,,-0.03275885056737304
table_5,feature_2,1028,11,18,178,0.5266344773685381,0.5065685727278539,0.5257772516716317,rdbpfn,large_woGNN/dag_rdb_504,0.5266344773685381,0.5065685727278539,0.5257772516716317,-0.02006590464068414,-0.000857225696906383
table_6,feature_8,1000,11,16,0,0.7820274237921098,0.7773746383343971,,rdbpfn,large_woGNN/dag_rdb_504,0.7820274237921098,0.7773746383343971,,-0.004652785457712638,
table_4,feature_20,1056,22,16,0,0.9634442323684806,0.9631317354057704,,rdbpfn,large_woGNN/dag_rdb_504,0.9634442323684806,0.9631317354057704,,-0.0003124969627102958,
table_0,feature_16,3602,19,0,140,0.6660978167695292,,0.661186198218783,rdbpfn,large_woGNN/dag_rdb_505,0.6660978167695292,,0.661186198218783,,-0.004911618550746177
table_0,feature_2,3602,19,0,140,0.3186117763371856,,0.3200467513743438,rdbpfn,large_woGNN/dag_rdb_505,0.3186117763371856,,0.3200467513743438,,0.0014349750371581704
table_3,feature_4,1654,22,36,0,0.8414234025866305,0.845474119075344,,rdbpfn,large_woGNN/dag_rdb_505,0.8414234025866305,0.845474119075344,,0.004050716488713468,
table_3,feature_8,1044,11,12,40,0.9522662838856484,0.9593751946763804,0.9522767205183508,rdbpfn,large_woGNN/dag_rdb_506,0.9522662838856484,0.9593751946763804,0.9522767205183508,0.007108910790732059,1.0436632702393034e-05
table_2,feature_2,1096,11,0,40,0.0576548091092864,,-0.0196259383122208,rdbpfn,large_woGNN/dag_rdb_506,0.0576548091092864,,-0.0196259383122208,,-0.0772807474215072
table_6,feature_10,1360,11,13,0,0.5797675891272296,0.7950870970882764,,rdbpfn,large_woGNN/dag_rdb_506,0.5797675891272296,0.7950870970882764,,0.21531950796104682,
table_0,feature_0,1032,13,0,129,0.3636490796033257,,0.364474401677047,rdbpfn,large_woGNN/dag_rdb_507,0.3636490796033257,,0.364474401677047,,0.0008253220737212685
table_5,feature_20,1241,23,16,0,-0.0855840679820882,-0.0879951774340632,,rdbpfn,large_woGNN/dag_rdb_507,-0.0855840679820882,-0.0879951774340632,,-0.0024111094519749937,
table_5,feature_6,1241,23,16,0,-0.1841587079729507,-0.1652069765933113,,rdbpfn,large_woGNN/dag_rdb_507,-0.1841587079729507,-0.1652069765933113,,0.018951731379639403,
table_1,feature_8,1147,11,0,83,0.8593433117606293,,0.8604892926020669,rdbpfn,large_woGNN/dag_rdb_508,0.8593433117606293,,0.8604892926020669,,0.0011459808414375772
table_2,feature_8,1012,11,12,0,0.4864326759969154,0.6026546571882239,,rdbpfn,large_woGNN/dag_rdb_508,0.4864326759969154,0.6026546571882239,,0.11622198119130844,
table_1,feature_4,1147,11,0,83,0.9461187673436028,,0.9338708862642408,rdbpfn,large_woGNN/dag_rdb_508,0.9461187673436028,,0.9338708862642408,,-0.012247881079362033
table_0,feature_18,2887,20,0,40,0.1559106347573297,,0.1442914206180214,rdbpfn,large_woGNN/dag_rdb_509,0.1559106347573297,,0.1442914206180214,,-0.011619214139308304
table_1,feature_8,1774,11,21,43,0.7851617059185336,0.7171358080658,0.784852840616568,rdbpfn,large_woGNN/dag_rdb_509,0.7851617059185336,0.7171358080658,0.784852840616568,-0.06802589785273361,-0.0003088653019656107
table_3,feature_10,4000,15,14,0,-0.0653320798230472,-0.0392288718408029,,rdbpfn,large_woGNN/dag_rdb_509,-0.0653320798230472,-0.0392288718408029,,0.026103207982244303,
table_1,feature_6,4000,11,0,73,0.3197388944018938,,0.3137580415726883,rdbpfn,large_woGNN/dag_rdb_510,0.3197388944018938,,0.3137580415726883,,-0.0059808528292055185
table_0,feature_2,1234,12,0,73,-0.0471824886948042,,-0.0627861777637301,rdbpfn,large_woGNN/dag_rdb_510,-0.0471824886948042,,-0.0627861777637301,,-0.015603689068925904
table_0,feature_8,1234,12,0,73,-0.1752763681607796,,-0.1439656793606138,rdbpfn,large_woGNN/dag_rdb_510,-0.1752763681607796,,-0.1439656793606138,,0.0313106888001658
table_1,feature_16,1032,16,0,43,0.264323883386667,,0.2503430332615377,rdbpfn,large_woGNN/dag_rdb_511,0.264323883386667,,0.2503430332615377,,-0.01398085012512934
table_2,feature_4,1017,11,29,0,0.8300145118470167,0.7906724477456846,,rdbpfn,large_woGNN/dag_rdb_511,0.8300145118470167,0.7906724477456846,,-0.03934206410133212,
table_1,feature_8,1032,16,0,43,0.9482186285822156,,0.9479506384168318,rdbpfn,large_woGNN/dag_rdb_511,0.9482186285822156,,0.9479506384168318,,-0.0002679901653838135
table_1,feature_10,1000,11,12,0,0.7005438949935336,0.6607310894996621,,rdbpfn,large_woGNN/dag_rdb_512,0.7005438949935336,0.6607310894996621,,-0.03981280549387156,
table_1,feature_6,1000,11,12,0,0.416683640102105,0.383698162929132,,rdbpfn,large_woGNN/dag_rdb_512,0.416683640102105,0.383698162929132,,-0.03298547717297301,
table_0,feature_10,1000,11,0,40,-0.2808190267458648,,-0.2070544384578885,rdbpfn,large_woGNN/dag_rdb_512,-0.2808190267458648,,-0.2070544384578885,,0.07376458828797627
table_0,feature_4,1628,11,0,43,0.7253853657611669,,0.6846369125902878,rdbpfn,large_woGNN/dag_rdb_513,0.7253853657611669,,0.6846369125902878,,-0.04074845317087905
table_1,feature_0,2198,14,0,43,0.151408140670174,,0.1661303764470925,rdbpfn,large_woGNN/dag_rdb_513,0.151408140670174,,0.1661303764470925,,0.014722235776918502
table_0,feature_8,1628,11,0,43,0.8469157522846884,,0.8133535295751928,rdbpfn,large_woGNN/dag_rdb_513,0.8469157522846884,,0.8133535295751928,,-0.033562222709495604
table_1,feature_4,1866,11,15,40,0.4550239498302582,0.4482867415359682,0.435212814493999,rdbpfn,large_woGNN/dag_rdb_514,0.4550239498302582,0.4482867415359682,0.435212814493999,-0.006737208294289976,-0.019811135336259167
table_1,feature_0,1866,11,15,40,-0.0171496370313219,-0.0422439240621006,0.0900951375971734,rdbpfn,large_woGNN/dag_rdb_514,-0.0171496370313219,-0.0422439240621006,0.0900951375971734,-0.0250942870307787,0.1072447746284953
table_0,feature_6,4000,14,0,40,0.9412019795354584,,0.9411563183076423,rdbpfn,large_woGNN/dag_rdb_514,0.9412019795354584,,0.9411563183076423,,-4.5661227816018446e-05
table_0,feature_16,1082,21,0,141,0.8713604125079769,,0.8549045060109159,rdbpfn,large_woGNN/dag_rdb_515,0.8713604125079769,,0.8549045060109159,,-0.016455906497060968
table_0,feature_12,1082,21,0,141,0.7731914432448532,,0.7311977954628285,rdbpfn,large_woGNN/dag_rdb_515,0.7731914432448532,,0.7311977954628285,,-0.041993647782024746
table_0,feature_8,1082,21,0,141,0.7527000478252264,,0.7240134191794853,rdbpfn,large_woGNN/dag_rdb_515,0.7527000478252264,,0.7240134191794853,,-0.02868662864574112
table_0,feature_14,2364,19,0,52,-0.0381616172188814,,-0.023098349153303,rdbpfn,large_woGNN/dag_rdb_516,-0.0381616172188814,,-0.023098349153303,,0.015063268065578402
table_1,feature_0,2770,17,0,52,0.6801870720107196,,0.6633332667421468,rdbpfn,large_woGNN/dag_rdb_516,0.6801870720107196,,0.6633332667421468,,-0.01685380526857283
table_2,feature_12,2450,14,38,0,0.5479857622383499,0.5649427242256835,,rdbpfn,large_woGNN/dag_rdb_516,0.5479857622383499,0.5649427242256835,,0.01695696198733354,
table_0,feature_18,2268,22,0,150,-0.1545090070713473,,-0.1058634617030613,rdbpfn,large_woGNN/dag_rdb_517,-0.1545090070713473,,-0.1058634617030613,,0.048645545368286
table_5,feature_10,1325,11,35,70,0.1870405222886346,0.2768018098162097,0.2097568630040844,rdbpfn,large_woGNN/dag_rdb_517,0.1870405222886346,0.2768018098162097,0.2097568630040844,0.08976128752757512,0.022716340715449784
table_6,feature_18,1867,21,12,70,-0.124518781678941,-0.1303634550692005,-0.1146434338137498,rdbpfn,large_woGNN/dag_rdb_517,-0.124518781678941,-0.1303634550692005,-0.1146434338137498,-0.0058446733902595,0.009875347865191189
table_2,feature_10,1606,17,32,0,0.9771240495444066,0.9759892872106858,,rdbpfn,large_woGNN/dag_rdb_518,0.9771240495444066,0.9759892872106858,,-0.0011347623337207846,
table_1,feature_0,2691,11,19,61,0.9081587832300412,0.9057154227365154,0.908314624826958,rdbpfn,large_woGNN/dag_rdb_518,0.9081587832300412,0.9057154227365154,0.908314624826958,-0.0024433604935257813,0.0001558415969168392
table_0,feature_0,4000,18,0,101,0.6573960937984142,,0.6566242149577487,rdbpfn,large_woGNN/dag_rdb_518,0.6573960937984142,,0.6566242149577487,,-0.0007718788406655408
table_1,feature_4,1866,11,0,138,-0.1377422360676881,,-0.1274716445283781,rdbpfn,large_woGNN/dag_rdb_519,-0.1377422360676881,,-0.1274716445283781,,0.010270591539310009
table_6,feature_12,1327,18,42,110,0.211839639132658,0.1248744701224631,0.1546205894167303,rdbpfn,large_woGNN/dag_rdb_519,0.211839639132658,0.1248744701224631,0.1546205894167303,-0.0869651690101949,-0.0572190497159277
table_9,feature_10,1000,11,22,0,0.1862960735286969,0.1352165752545824,,rdbpfn,large_woGNN/dag_rdb_519,0.1862960735286969,0.1352165752545824,,-0.05107949827411451,
table_2,feature_4,1000,11,12,0,0.5427338113228009,0.5024876115001309,,rdbpfn,large_woGNN/dag_rdb_520,0.5427338113228009,0.5024876115001309,,-0.04024619982266997,
table_1,feature_2,1191,11,12,0,-0.1203852629080157,-0.0586248479839228,,rdbpfn,large_woGNN/dag_rdb_520,-0.1203852629080157,-0.0586248479839228,,0.0617604149240929,
table_0,feature_0,1276,11,0,80,-0.2826706855224228,,-0.086287611394493,rdbpfn,large_woGNN/dag_rdb_520,-0.2826706855224228,,-0.086287611394493,,0.19638307412792982
table_2,feature_22,2330,22,20,0,0.9665389306363716,0.9640489839063568,,rdbpfn,large_woGNN/dag_rdb_521,0.9665389306363716,0.9640489839063568,,-0.0024899467300147915,
table_0,feature_14,1763,19,0,134,0.4017453930586708,,0.402991844726785,rdbpfn,large_woGNN/dag_rdb_521,0.4017453930586708,,0.402991844726785,,0.0012464516681142124
table_1,feature_6,1807,18,20,0,-0.2277053295308839,-0.2138846534690806,,rdbpfn,large_woGNN/dag_rdb_521,-0.2277053295308839,-0.2138846534690806,,0.013820676061803316,
table_2,feature_0,1301,16,26,0,-0.1395330853293983,-0.1881436801721363,,rdbpfn,large_woGNN/dag_rdb_522,-0.1395330853293983,-0.1881436801721363,,-0.048610594842738025,
table_2,feature_4,1301,16,26,0,-0.1487420264073575,-0.1334736296458234,,rdbpfn,large_woGNN/dag_rdb_522,-0.1487420264073575,-0.1334736296458234,,0.015268396761534103,
table_2,feature_14,1301,16,26,0,-0.1938480806121429,-0.1843662764386355,,rdbpfn,large_woGNN/dag_rdb_522,-0.1938480806121429,-0.1843662764386355,,0.009481804173507385,
table_1,feature_6,1000,11,16,0,-0.1576598515381089,-0.1901743079944735,,rdbpfn,large_woGNN/dag_rdb_523,-0.1576598515381089,-0.1901743079944735,,-0.03251445645636458,
table_2,feature_0,1000,11,16,0,0.5059318785451347,0.488339655149506,,rdbpfn,large_woGNN/dag_rdb_523,0.5059318785451347,0.488339655149506,,-0.01759222339562866,
table_2,feature_8,1000,11,16,0,0.891589332721809,0.893032413447387,,rdbpfn,large_woGNN/dag_rdb_523,0.891589332721809,0.893032413447387,,0.001443080725578083,
table_0,feature_4,1869,11,0,40,0.1578902153660233,,0.1618911551573074,rdbpfn,large_woGNN/dag_rdb_524,0.1578902153660233,,0.1618911551573074,,0.004000939791284103
table_0,feature_6,1869,11,0,40,0.055697989742388,,0.0483552426016441,rdbpfn,large_woGNN/dag_rdb_524,0.055697989742388,,0.0483552426016441,,-0.007342747140743899
table_0,feature_2,1869,11,0,40,0.3578739159568009,,0.3690225173479028,rdbpfn,large_woGNN/dag_rdb_524,0.3578739159568009,,0.3690225173479028,,0.011148601391101909
table_0,feature_10,1379,22,0,119,0.7084377879603139,,0.7024860932524021,rdbpfn,large_woGNN/dag_rdb_525,0.7084377879603139,,0.7024860932524021,,-0.005951694707911792
table_3,feature_12,4000,20,42,0,0.8310328240878414,0.8340412962772099,,rdbpfn,large_woGNN/dag_rdb_525,0.8310328240878414,0.8340412962772099,,0.003008472189368505,
table_3,feature_4,4000,20,42,0,0.6101210923597089,0.6278295846103985,,rdbpfn,large_woGNN/dag_rdb_525,0.6101210923597089,0.6278295846103985,,0.0177084922506896,
table_1,feature_4,1727,11,12,0,0.3971973949997199,0.5643394084882951,,rdbpfn,large_woGNN/dag_rdb_526,0.3971973949997199,0.5643394084882951,,0.16714201348857521,
table_0,feature_2,2518,11,0,104,-0.0645047487149668,,-0.0707125311356589,rdbpfn,large_woGNN/dag_rdb_526,-0.0645047487149668,,-0.0707125311356589,,-0.006207782420692101
table_2,feature_12,4000,19,12,0,0.9123948799032942,0.9109970952095436,,rdbpfn,large_woGNN/dag_rdb_526,0.9123948799032942,0.9109970952095436,,-0.0013977846937505145,
table_2,feature_0,2156,11,22,79,-0.0917002358675569,-0.108241397438203,-0.0688820371219387,rdbpfn,large_woGNN/dag_rdb_527,-0.0917002358675569,-0.108241397438203,-0.0688820371219387,-0.0165411615706461,0.022818198745618204
table_4,feature_0,2317,11,17,79,-0.2134937594753185,-0.2434952540547048,-0.147868996926636,rdbpfn,large_woGNN/dag_rdb_527,-0.2134937594753185,-0.2434952540547048,-0.147868996926636,-0.03000149457938628,0.06562476254868252
table_6,feature_20,1980,22,39,0,0.1700392021862838,0.1888439738377066,,rdbpfn,large_woGNN/dag_rdb_527,0.1700392021862838,0.1888439738377066,,0.018804771651422802,
table_1,feature_8,1181,11,19,0,-0.2601482551089,-0.2891785537780456,,rdbpfn,large_woGNN/dag_rdb_528,-0.2601482551089,-0.2891785537780456,,-0.029030298669145582,
table_0,feature_14,1157,18,0,40,0.1461611750434479,,0.1808620278356678,rdbpfn,large_woGNN/dag_rdb_528,0.1461611750434479,,0.1808620278356678,,0.034700852792219905
table_0,feature_8,1157,18,0,40,0.1163550693230526,,0.0530840147269704,rdbpfn,large_woGNN/dag_rdb_528,0.1163550693230526,,0.0530840147269704,,-0.0632710545960822
table_1,feature_4,1153,11,12,0,0.8202947829965782,0.8033785857097364,,rdbpfn,large_woGNN/dag_rdb_529,0.8202947829965782,0.8033785857097364,,-0.016916197286841794,
table_1,feature_2,1153,11,12,0,0.3935224341932002,0.3491412422824642,,rdbpfn,large_woGNN/dag_rdb_529,0.3935224341932002,0.3491412422824642,,-0.04438119191073603,
table_0,feature_2,1102,11,0,80,0.6935719437074424,,0.6459620540054694,rdbpfn,large_woGNN/dag_rdb_529,0.6935719437074424,,0.6459620540054694,,-0.047609889701972996
table_2,feature_2,1284,11,12,40,0.9854868078213948,0.9881113810731124,0.985367688445684,rdbpfn,large_woGNN/dag_rdb_530,0.9854868078213948,0.9881113810731124,0.985367688445684,0.00262457325171761,-0.00011911937571074116
table_2,feature_8,1284,11,12,40,0.8785863363833997,0.8732532278905101,0.8784735889828625,rdbpfn,large_woGNN/dag_rdb_530,0.8785863363833997,0.8732532278905101,0.8784735889828625,-0.005333108492889593,-0.00011274740053712762
table_2,feature_0,1284,11,12,40,0.0035988018058663,0.0714382208024108,0.0049182585000486,rdbpfn,large_woGNN/dag_rdb_530,0.0035988018058663,0.0714382208024108,0.0049182585000486,0.0678394189965445,0.0013194566941822999
table_0,feature_14,1451,15,0,80,0.8266082521381567,,0.8137244576426943,rdbpfn,large_woGNN/dag_rdb_531,0.8266082521381567,,0.8137244576426943,,-0.012883794495462397
table_2,feature_4,1000,11,16,0,0.1201568898303808,0.1452525483660262,,rdbpfn,large_woGNN/dag_rdb_531,0.1201568898303808,0.1452525483660262,,0.025095658535645396,
table_2,feature_0,1000,11,16,0,-0.1976284335257747,0.0922910290757164,,rdbpfn,large_woGNN/dag_rdb_531,-0.1976284335257747,0.0922910290757164,,0.2899194626014911,
table_1,feature_6,1680,11,14,0,0.9493751834272544,0.9577830497849922,,rdbpfn,large_woGNN/dag_rdb_532,0.9493751834272544,0.9577830497849922,,0.008407866357737825,
table_1,feature_0,1680,11,14,0,0.8284249230923414,0.9635947781915898,,rdbpfn,large_woGNN/dag_rdb_532,0.8284249230923414,0.9635947781915898,,0.1351698550992484,
table_0,feature_8,1782,13,0,40,0.1077748567637568,,0.0871527970078659,rdbpfn,large_woGNN/dag_rdb_532,0.1077748567637568,,0.0871527970078659,,-0.02062205975589089
table_6,feature_0,1030,15,13,0,-0.2394254899878436,-0.2225395175500941,,rdbpfn,large_woGNN/dag_rdb_533,-0.2394254899878436,-0.2225395175500941,,0.016885972437749502,
table_4,feature_8,1193,21,13,0,0.031458483861402,0.1425218994106699,,rdbpfn,large_woGNN/dag_rdb_533,0.031458483861402,0.1425218994106699,,0.1110634155492679,
table_2,feature_8,1000,11,16,299,0.8717779905972354,0.8773111639190296,0.8486635120197082,rdbpfn,large_woGNN/dag_rdb_533,0.8717779905972354,0.8773111639190296,0.8486635120197082,0.00553317332179426,-0.02311447857752713
results,laps,4000,7,8,0,0.3023544518851787,0.7020858579241631,,reldiff,synthetic/rel-f1_ref35/RelDiff/sample1,0.3023544518851787,0.7020858579241631,,0.39973140603898444,
races,year,289,3,7,76,0.3060466310172596,0.5215234155249012,0.9653842215713996,reldiff,synthetic/rel-f1_ref35/RelDiff/sample1,0.3060466310172596,0.5215234155249012,0.9653842215713996,0.21547678450764163,0.65933759055414
constructor_standings,points,2951,2,6,0,0.8446721816469465,0.9388811722066036,,reldiff,synthetic/rel-f1_ref35/RelDiff/sample1,0.8446721816469465,0.9388811722066036,,0.09420899055965715,
races,round,289,3,7,76,0.181504873867513,0.682736941818334,0.9158484011780847,reldiff,synthetic/rel-f1_ref35/RelDiff/sample2,0.181504873867513,0.682736941818334,0.9158484011780847,0.501232067950821,0.7343435273105717
constructor_standings,points,2951,2,6,0,0.8376435224000769,0.9283458010802476,,reldiff,synthetic/rel-f1_ref35/RelDiff/sample2,0.8376435224000769,0.9283458010802476,,0.09070227868017067,
standings,points,4000,2,7,0,0.7927667817833265,0.9193713738106624,,reldiff,synthetic/rel-f1_ref35/RelDiff/sample2,0.7927667817833265,0.9193713738106624,,0.12660459202733587,
results,number,3995,7,8,0,-0.0522171878777837,0.0552398185750965,,reldiff,synthetic/rel-f1_ref35/RelDiff/sample3,-0.0522171878777837,0.0552398185750965,,0.1074570064528802,
results,points,4000,7,8,0,0.732985344371791,0.7472207750823114,,reldiff,synthetic/rel-f1_ref35/RelDiff/sample3,0.732985344371791,0.7472207750823114,,0.01423543071052047,
constructor_standings,points,2951,2,6,0,0.8478385462126362,0.9394081698551332,,reldiff,synthetic/rel-f1_ref35/RelDiff/sample3,0.8478385462126362,0.9394081698551332,,0.09156962364249699,
standings,position,4000,2,7,0,0.4501076670858134,0.7245726978386138,,reldiff,synthetic/rel-f1_ref35/RelDiff/sample4,0.4501076670858134,0.7245726978386138,,0.2744650307528004,
results,number,3995,7,8,0,0.0055709077011786,0.0966790038350768,,reldiff,synthetic/rel-f1_ref35/RelDiff/sample4,0.0055709077011786,0.0966790038350768,,0.0911080961338982,
results,position,2001,7,8,0,0.7623400991977811,0.748634217917096,,reldiff,synthetic/rel-f1_ref35/RelDiff/sample4,0.7623400991977811,0.748634217917096,,-0.013705881280685173,
VisitStream,IPID,4000,1,4,0,0.0409794538999171,0.0559297678225085,,reldiff,synthetic/rel-avito_ref35/RelDiff/sample1,0.0409794538999171,0.0559297678225085,,0.014950313922591399,
AdsInfo,CategoryID,4000,3,0,30,-0.021894696252575,,-0.0397124810388596,reldiff,synthetic/rel-avito_ref35/RelDiff/sample1,-0.021894696252575,,-0.0397124810388596,,-0.017817784786284596
PhoneRequestsStream,IPID,4000,1,4,0,0.1369239635903544,0.2162420526068318,,reldiff,synthetic/rel-avito_ref35/RelDiff/sample1,0.1369239635903544,0.2162420526068318,,0.07931808901647741,
Location,RegionID,1401,2,0,16,0.0106118860734417,,-0.0977707558556471,reldiff,synthetic/rel-avito_ref35/RelDiff/sample2,0.0106118860734417,,-0.0977707558556471,,-0.1083826419290888
VisitStream,IPID,4000,1,4,0,0.0247245134009563,0.0423792806498877,,reldiff,synthetic/rel-avito_ref35/RelDiff/sample2,0.0247245134009563,0.0423792806498877,,0.017654767248931398,
Location,CityID,1401,2,0,16,0.0189758573745845,,-0.1708757388803397,reldiff,synthetic/rel-avito_ref35/RelDiff/sample2,0.0189758573745845,,-0.1708757388803397,,-0.1898515962549242
AdsInfo,CategoryID,4000,3,0,30,-0.021894696252575,,-0.0242721377285179,reldiff,synthetic/rel-avito_ref35/RelDiff/sample3,-0.021894696252575,,-0.0242721377285179,,-0.0023774414759429006
PhoneRequestsStream,UserID,3999,1,4,0,-0.0345496151239095,0.0512861113125451,,reldiff,synthetic/rel-avito_ref35/RelDiff/sample3,-0.0345496151239095,0.0512861113125451,,0.0858357264364546,
Location,CityID,1401,2,0,16,0.0189758573745845,,-0.1237995342755042,reldiff,synthetic/rel-avito_ref35/RelDiff/sample3,0.0189758573745845,,-0.1237995342755042,,-0.1427753916500887
SearchInfo,UserID,3994,2,6,16,-0.0480576856338412,0.0177393180054834,-0.1045805711561695,reldiff,synthetic/rel-avito_ref35/RelDiff/sample4,-0.0480576856338412,0.0177393180054834,-0.1045805711561695,0.0657970036393246,-0.05652288552232831
SearchInfo,IPID,4000,2,6,16,0.042332410484446,0.104137660955458,-0.0218907669699373,reldiff,synthetic/rel-avito_ref35/RelDiff/sample4,0.042332410484446,0.104137660955458,-0.0218907669699373,0.061805250471012,-0.0642231774543833
VisitStream,IPID,4000,1,4,0,0.0181328048868831,0.051086751467863,,reldiff,synthetic/rel-avito_ref35/RelDiff/sample4,0.0181328048868831,0.051086751467863,,0.0329539465809799,
article,section_no,4000,20,0,10,0.996390376219209,,0.9950544179396336,reldiff,synthetic/rel-hm_ref35/RelDiff/sample1,0.996390376219209,,0.9950544179396336,,-0.0013359582795754443
article,graphical_appearance_no,4000,20,0,10,-0.0016764720641511,,-0.0016764682098504,reldiff,synthetic/rel-hm_ref35/RelDiff/sample1,-0.0016764720641511,,-0.0016764682098504,,3.854300699998939e-09
article,product_code,4000,20,0,10,0.1330704851068738,,0.1541306394579101,reldiff,synthetic/rel-hm_ref35/RelDiff/sample1,0.1330704851068738,,0.1541306394579101,,0.02106015435103631
transactions,price,4000,2,26,0,-0.008203850645698,0.5021289893341283,,reldiff,synthetic/rel-hm_ref35/RelDiff/sample2,-0.008203850645698,0.5021289893341283,,0.5103328399798263,
article,garment_group_no,4000,20,0,10,0.9937899391504696,,0.9926683194719852,reldiff,synthetic/rel-hm_ref35/RelDiff/sample2,0.9937899391504696,,0.9926683194719852,,-0.0011216196784844534
article,graphical_appearance_no,4000,20,0,10,-0.0016764720641511,,-0.0016763454079551,reldiff,synthetic/rel-hm_ref35/RelDiff/sample2,-0.0016764720641511,,-0.0016763454079551,,1.2665619600013035e-07
article,product_type_no,4000,20,0,10,0.8581709480676636,,0.8570659296932552,reldiff,synthetic/rel-hm_ref35/RelDiff/sample3,0.8581709480676636,,0.8570659296932552,,-0.0011050183744083508
article,garment_group_no,4000,20,0,10,0.9937899391504696,,0.9928542796639216,reldiff,synthetic/rel-hm_ref35/RelDiff/sample3,0.9937899391504696,,0.9928542796639216,,-0.0009356594865480572
article,colour_group_code,4000,20,0,10,0.986804711914934,,0.9862767529911776,reldiff,synthetic/rel-hm_ref35/RelDiff/sample3,0.986804711914934,,0.9862767529911776,,-0.0005279589237564553
article,garment_group_no,4000,20,0,10,0.9937899391504696,,0.992819512390296,reldiff,synthetic/rel-hm_ref35/RelDiff/sample4,0.9937899391504696,,0.992819512390296,,-0.0009704267601736705
article,section_no,4000,20,0,10,0.996390376219209,,0.995295330662807,reldiff,synthetic/rel-hm_ref35/RelDiff/sample4,0.996390376219209,,0.995295330662807,,-0.0010950455564020523
article,colour_group_code,4000,20,0,10,0.986804711914934,,0.9871864373152708,reldiff,synthetic/rel-hm_ref35/RelDiff/sample4,0.986804711914934,,0.9871864373152708,,0.00038172540033676317
designs,id,4000,12,0,46,-0.0337707345470106,,-0.0068897815403745,reldiff,synthetic/rel-trial_ref35/RelDiff/sample1,-0.0337707345470106,,-0.0068897815403745,,0.0268809530066361
outcome_analyses,dispersion_value,862,17,13,0,-0.1050748144601996,-0.0273438824137803,,reldiff,synthetic/rel-trial_ref35/RelDiff/sample1,-0.1050748144601996,-0.0273438824137803,,0.0777309320464193,
outcome_analyses,outcome_id,4000,14,13,0,0.1595255408161183,0.3305111729373576,,reldiff,synthetic/rel-trial_ref35/RelDiff/sample1,0.1595255408161183,0.3305111729373576,,0.1709856321212393,
outcome_analyses,ci_percent,3626,14,13,0,-0.0476024066549396,-0.0214553295927226,,reldiff,synthetic/rel-trial_ref35/RelDiff/sample2,-0.0476024066549396,-0.0214553295927226,,0.026147077062217004,
outcome_analyses,param_value,3257,15,13,0,-0.0311117719517943,-0.0177277056934648,,reldiff,synthetic/rel-trial_ref35/RelDiff/sample2,-0.0311117719517943,-0.0177277056934648,,0.0133840662583295,
outcome_analyses,dispersion_value,890,17,13,0,-0.1821395907368554,-0.1666021962923005,,reldiff,synthetic/rel-trial_ref35/RelDiff/sample2,-0.1821395907368554,-0.1666021962923005,,0.015537394444554903,
outcome_analyses,ci_lower_limit,3152,15,13,0,-0.071858627133138,-0.0697934540699232,,reldiff,synthetic/rel-trial_ref35/RelDiff/sample3,-0.071858627133138,-0.0697934540699232,,0.002065173063214798,
outcome_analyses,dispersion_value,855,17,13,0,-0.0698641446360268,-0.1117048496982149,,reldiff,synthetic/rel-trial_ref35/RelDiff/sample3,-0.0698641446360268,-0.1117048496982149,,-0.041840705062188094,
designs,id,4000,12,0,46,-0.0234767793405998,,0.0219725866904266,reldiff,synthetic/rel-trial_ref35/RelDiff/sample3,-0.0234767793405998,,0.0219725866904266,,0.0454493660310264
outcome_analyses,ci_upper_limit,3129,15,13,0,-0.3241525032871233,-0.3996598780648621,,reldiff,synthetic/rel-trial_ref35/RelDiff/sample4,-0.3241525032871233,-0.3996598780648621,,-0.07550737477773878,
outcome_analyses,dispersion_value,907,17,13,0,-0.316407439413527,-0.337353288677428,,reldiff,synthetic/rel-trial_ref35/RelDiff/sample4,-0.316407439413527,-0.337353288677428,,-0.020945849263900973,
sponsors_studies,nct_id,4000,1,1,0,-0.0031790122538923,0.0155872223887946,,reldiff,synthetic/rel-trial_ref35/RelDiff/sample4,-0.0031790122538923,0.0155872223887946,,0.0187662346426869,
SearchInfo,IPID,4000,2,16,16,-0.0838284679504435,-0.1284104134398991,-0.1210513110048747,grdm,synthetic/rel-avito_ref35/sample0,-0.0838284679504435,-0.1284104134398991,-0.1210513110048747,-0.044581945489455585,-0.0372228430544312
UserInfo,UserAgentFamilyID,4000,7,0,32,0.7400351723459582,,0.7169002713393029,grdm,synthetic/rel-avito_ref35/sample0,0.7400351723459582,,0.7169002713393029,,-0.023134901006655273
Location,CityID,3512,4,0,35,0.0011955226802429,,-0.0942514821474347,grdm,synthetic/rel-avito_ref35/sample0,0.0011955226802429,,-0.0942514821474347,,-0.0954470048276776
VisitStream,IPID,3911,1,13,0,-0.065349092018117,-0.0863039515762067,,grdm,synthetic/rel-avito_ref35/sample1,-0.065349092018117,-0.0863039515762067,,-0.020954859558089692,
UserInfo,UserAgentFamilyID,1768,7,0,45,0.6927367752759235,,0.5737468682318223,grdm,synthetic/rel-avito_ref35/sample1,0.6927367752759235,,0.5737468682318223,,-0.11898990704410117
UserInfo,UserAgentID,1768,7,0,45,0.0915514609613697,,-0.0584502979347127,grdm,synthetic/rel-avito_ref35/sample1,0.0915514609613697,,-0.0584502979347127,,-0.1500017588960824
Location,RegionID,379,4,0,35,-0.2069153005198993,,-0.2248398135016558,grdm,synthetic/rel-avito_ref35/sample10,-0.2069153005198993,,-0.2248398135016558,,-0.017924512981756513
SearchStream,SearchDate,965,2,11,0,-0.0113747847673211,0.9977373609886624,,grdm,synthetic/rel-avito_ref35/sample10,-0.0113747847673211,0.9977373609886624,,1.0091121457559835,
Location,CityID,379,4,0,35,-0.0361405622124577,,-0.5732712896635364,grdm,synthetic/rel-avito_ref35/sample10,-0.0361405622124577,,-0.5732712896635364,,-0.5371307274510787
PhoneRequestsStream,PhoneRequestDate,996,1,13,0,-0.1121416243791899,-0.1881310469132853,,grdm,synthetic/rel-avito_ref35/sample100,-0.1121416243791899,-0.1881310469132853,,-0.07598942253409541,
SearchStream,SearchDate,772,2,11,0,-0.0063151846659661,0.997165101231706,,grdm,synthetic/rel-avito_ref35/sample100,-0.0063151846659661,0.997165101231706,,1.0034802858976721,
AdsInfo,Price,4000,2,8,29,-0.000291152365405,0.0753527219709838,0.0007948180333374,grdm,synthetic/rel-avito_ref35/sample100,-0.000291152365405,0.0753527219709838,0.0007948180333374,0.0756438743363888,0.0010859703987424001
SearchInfo,SearchDate,4000,2,16,16,-0.0561040581840672,-0.1211386681379038,0.0571224699869095,grdm,synthetic/rel-avito_ref35/sample101,-0.0561040581840672,-0.1211386681379038,0.0571224699869095,-0.06503460995383661,0.1132265281709767
SearchInfo,IPID,4000,2,16,16,-0.0817423253956532,-0.0860865450421588,-0.0786188699333754,grdm,synthetic/rel-avito_ref35/sample101,-0.0817423253956532,-0.0860865450421588,-0.0786188699333754,-0.004344219646505609,0.0031234554622777966
Location,CityID,540,4,0,35,0.0537459040134248,,-0.2299800808393488,grdm,synthetic/rel-avito_ref35/sample101,0.0537459040134248,,-0.2299800808393488,,-0.28372598485277356
UserInfo,UserAgentOSID,1499,7,0,32,0.7195585055503411,,0.5450280255760414,grdm,synthetic/rel-avito_ref35/sample102,0.7195585055503411,,0.5450280255760414,,-0.1745304799742997
PhoneRequestsStream,PhoneRequestDate,1026,1,13,0,-0.1652203801642819,-0.2820839672336406,,grdm,synthetic/rel-avito_ref35/sample102,-0.1652203801642819,-0.2820839672336406,,-0.1168635870693587,
SearchInfo,IPID,4000,2,16,0,-0.059064142080641,-0.079246492445703,,grdm,synthetic/rel-avito_ref35/sample102,-0.059064142080641,-0.079246492445703,,-0.020182350365062003,
PhoneRequestsStream,PhoneRequestDate,1741,1,13,0,-0.0958566054063754,-0.2329384677559778,,grdm,synthetic/rel-avito_ref35/sample103,-0.0958566054063754,-0.2329384677559778,,-0.1370818623496024,
SearchInfo,SearchDate,4000,2,16,16,-0.0819239451628524,-0.1331758019219779,0.0047017485322934,grdm,synthetic/rel-avito_ref35/sample103,-0.0819239451628524,-0.1331758019219779,0.0047017485322934,-0.0512518567591255,0.08662569369514579
Location,RegionID,410,4,0,35,0.0331440955279429,,-0.1192296397010779,grdm,synthetic/rel-avito_ref35/sample103,0.0331440955279429,,-0.1192296397010779,,-0.1523737352290208
AdsInfo,Price,4000,2,8,42,-0.0002634728219885,0.0540252145790349,0.0496182533527299,grdm,synthetic/rel-avito_ref35/sample104,-0.0002634728219885,0.0540252145790349,0.0496182533527299,0.0542886874010234,0.0498817261747184
SearchStream,SearchDate,1336,2,11,0,0.0043372142574518,0.9973668387992476,,grdm,synthetic/rel-avito_ref35/sample104,0.0043372142574518,0.9973668387992476,,0.9930296245417958,
PhoneRequestsStream,PhoneRequestDate,1333,1,13,0,-0.1096503916454092,-0.2198992818548766,,grdm,synthetic/rel-avito_ref35/sample104,-0.1096503916454092,-0.2198992818548766,,-0.11024889020946739,
SearchInfo,SearchDate,4000,2,16,16,-0.0730497993857632,-0.1106316203369865,0.041188981403067,grdm,synthetic/rel-avito_ref35/sample105,-0.0730497993857632,-0.1106316203369865,0.041188981403067,-0.037581820951223296,0.11423878078883021
AdsInfo,Price,4000,2,8,29,-0.2291379224895331,-3.449923249322522,-0.3275158528160935,grdm,synthetic/rel-avito_ref35/sample105,-0.2291379224895331,-1.0,-0.3275158528160935,-0.7708620775104669,-0.09837793032656042
Location,CityID,511,4,0,35,-0.0105237112224725,,-0.1232892696460907,grdm,synthetic/rel-avito_ref35/sample105,-0.0105237112224725,,-0.1232892696460907,,-0.1127655584236182
Location,CityID,375,4,0,35,0.0098174953628761,,-0.1269403795229873,grdm,synthetic/rel-avito_ref35/sample106,0.0098174953628761,,-0.1269403795229873,,-0.1367578748858634
Location,RegionID,375,4,0,35,-0.0166839646973164,,-0.141993767754968,grdm,synthetic/rel-avito_ref35/sample106,-0.0166839646973164,,-0.141993767754968,,-0.1253098030576516
AdsInfo,Price,4000,2,8,13,-0.1128686263451421,-14.892889648908522,-0.2299644389544417,grdm,synthetic/rel-avito_ref35/sample106,-0.1128686263451421,-1.0,-0.2299644389544417,-0.887131373654858,-0.11709581260929962
UserInfo,UserDeviceID,1982,7,0,32,0.0390945535383682,,0.1308256410345486,grdm,synthetic/rel-avito_ref35/sample107,0.0390945535383682,,0.1308256410345486,,0.0917310874961804
AdsInfo,Price,4000,2,8,29,-0.000855808486043,-0.0010105491866996,-0.0008021292996192,grdm,synthetic/rel-avito_ref35/sample107,-0.000855808486043,-0.0010105491866996,-0.0008021292996192,-0.0001547407006565999,5.367918642380006e-05
SearchStream,SearchDate,1006,2,11,0,-0.020843537570873,0.997854178927922,,grdm,synthetic/rel-avito_ref35/sample107,-0.020843537570873,0.997854178927922,,1.0186977164987951,
UserInfo,UserAgentOSID,2139,7,0,32,0.7238298946625119,,0.673279397135305,grdm,synthetic/rel-avito_ref35/sample108,0.7238298946625119,,0.673279397135305,,-0.05055049752720686
PhoneRequestsStream,IPID,880,1,13,0,-0.1100825870719874,-0.2836557384581009,,grdm,synthetic/rel-avito_ref35/sample108,-0.1100825870719874,-0.2836557384581009,,-0.17357315138611348,
UserInfo,UserDeviceID,2139,7,0,32,-0.1661751077747975,,-0.0665076611257515,grdm,synthetic/rel-avito_ref35/sample108,-0.1661751077747975,,-0.0665076611257515,,0.09966744664904599
UserInfo,UserAgentID,1741,7,0,32,0.111022548848406,,-0.1435360465004307,grdm,synthetic/rel-avito_ref35/sample109,0.111022548848406,,-0.1435360465004307,,-0.2545585953488367
SearchStream,SearchDate,635,2,11,0,-0.0183940760822842,0.9970823446990096,,grdm,synthetic/rel-avito_ref35/sample109,-0.0183940760822842,0.9970823446990096,,1.0154764207812939,
PhoneRequestsStream,IPID,890,1,13,0,-0.1246408530468026,-0.2354513608336932,,grdm,synthetic/rel-avito_ref35/sample109,-0.1246408530468026,-0.2354513608336932,,-0.1108105077868906,
VisitStream,IPID,4000,1,13,0,-0.0657600945905279,-0.1158231442327797,,grdm,synthetic/rel-avito_ref35/sample11,-0.0657600945905279,-0.1158231442327797,,-0.050063049642251806,
UserInfo,UserDeviceID,2357,7,0,45,0.136903494260596,,-0.0564365373448383,grdm,synthetic/rel-avito_ref35/sample11,0.136903494260596,,-0.0564365373448383,,-0.1933400316054343
UserInfo,UserAgentFamilyID,2357,7,0,45,0.6615011279806295,,0.5858841995400272,grdm,synthetic/rel-avito_ref35/sample11,0.6615011279806295,,0.5858841995400272,,-0.0756169284406023
UserInfo,UserAgentID,2556,7,0,32,0.0733782787416194,,-0.0771735360816203,grdm,synthetic/rel-avito_ref35/sample110,0.0733782787416194,,-0.0771735360816203,,-0.1505518148232397
VisitStream,ViewDate,4000,1,13,0,-0.0696385410097999,-0.153908497610796,,grdm,synthetic/rel-avito_ref35/sample110,-0.0696385410097999,-0.153908497610796,,-0.08426995660099611,
UserInfo,UserAgentOSID,2556,7,0,32,0.7120952216410229,,0.6801190279654523,grdm,synthetic/rel-avito_ref35/sample110,0.7120952216410229,,0.6801190279654523,,-0.031976193675570586
UserInfo,UserAgentFamilyID,1997,7,0,32,0.7107320527663925,,0.5917149061415689,grdm,synthetic/rel-avito_ref35/sample111,0.7107320527663925,,0.5917149061415689,,-0.11901714662482366
AdsInfo,Price,4000,2,8,29,-0.0067015092129283,-0.1283154212934938,-0.0234016415434743,grdm,synthetic/rel-avito_ref35/sample111,-0.0067015092129283,-0.1283154212934938,-0.0234016415434743,-0.1216139120805655,-0.016700132330546
VisitStream,IPID,3331,1,13,0,-0.0555700141252966,-0.1519827979217305,,grdm,synthetic/rel-avito_ref35/sample111,-0.0555700141252966,-0.1519827979217305,,-0.09641278379643389,
AdsInfo,Price,4000,2,8,29,-0.0362982424136983,-9.312298671559486,-0.0967544091106484,grdm,synthetic/rel-avito_ref35/sample112,-0.0362982424136983,-1.0,-0.0967544091106484,-0.9637017575863017,-0.06045616669695011
VisitStream,IPID,4000,1,13,0,-0.0658495689796145,-0.1175250200817652,,grdm,synthetic/rel-avito_ref35/sample112,-0.0658495689796145,-0.1175250200817652,,-0.0516754511021507,
UserInfo,UserAgentOSID,2230,7,0,32,0.7281016134048256,,0.606063662193133,grdm,synthetic/rel-avito_ref35/sample112,0.7281016134048256,,0.606063662193133,,-0.12203795121169259
SearchInfo,IPID,4000,2,16,16,-0.0478897034833061,-0.0986513325682252,-0.0642992052819406,grdm,synthetic/rel-avito_ref35/sample113,-0.0478897034833061,-0.0986513325682252,-0.0642992052819406,-0.050761629084919095,-0.016409501798634492
PhoneRequestsStream,PhoneRequestDate,1749,1,13,0,-0.0793583249759388,-0.17728180952598,,grdm,synthetic/rel-avito_ref35/sample113,-0.0793583249759388,-0.17728180952598,,-0.0979234845500412,
UserInfo,UserDeviceID,2752,7,0,45,-0.0397677886955838,,-0.1323578453158012,grdm,synthetic/rel-avito_ref35/sample113,-0.0397677886955838,,-0.1323578453158012,,-0.0925900566202174
UserInfo,UserDeviceID,1622,7,0,45,-0.0394426111634684,,-0.2504052401449428,grdm,synthetic/rel-avito_ref35/sample114,-0.0394426111634684,,-0.2504052401449428,,-0.21096262898147441
AdsInfo,Price,4000,2,8,42,-0.000833325391645,-0.0008300621432499,-0.0008365773945873,grdm,synthetic/rel-avito_ref35/sample114,-0.000833325391645,-0.0008300621432499,-0.0008365773945873,3.2632483950999387e-06,-3.2520029423000786e-06
PhoneRequestsStream,IPID,834,1,13,0,-0.0570290547781633,-0.3166292397229451,,grdm,synthetic/rel-avito_ref35/sample114,-0.0570290547781633,-0.3166292397229451,,-0.2596001849447818,
AdsInfo,Price,4000,2,8,29,-0.001555343114983,0.1242396425198432,-0.0704512094868274,grdm,synthetic/rel-avito_ref35/sample115,-0.001555343114983,0.1242396425198432,-0.0704512094868274,0.1257949856348262,-0.0688958663718444
VisitStream,IPID,4000,1,13,0,-0.0526728445628963,-0.1101245242552071,,grdm,synthetic/rel-avito_ref35/sample115,-0.0526728445628963,-0.1101245242552071,,-0.057451679692310804,
SearchInfo,SearchDate,4000,2,16,16,-0.0712078274983205,-0.0940298767568637,0.0324118411827497,grdm,synthetic/rel-avito_ref35/sample115,-0.0712078274983205,-0.0940298767568637,0.0324118411827497,-0.022822049258543198,0.1036196686810702
UserInfo,UserDeviceID,2395,7,0,32,0.1701862641442192,,0.007005145080244,grdm,synthetic/rel-avito_ref35/sample116,0.1701862641442192,,0.007005145080244,,-0.1631811190639752
UserInfo,UserAgentFamilyID,2395,7,0,32,0.7538488582526905,,0.6426665434238774,grdm,synthetic/rel-avito_ref35/sample116,0.7538488582526905,,0.6426665434238774,,-0.11118231482881313
Location,CityID,421,4,0,35,0.0023498734137625,,-0.0958438886153461,grdm,synthetic/rel-avito_ref35/sample116,0.0023498734137625,,-0.0958438886153461,,-0.0981937620291086
UserInfo,UserAgentOSID,1633,7,0,32,0.7334353844098591,,0.5947813149210868,grdm,synthetic/rel-avito_ref35/sample117,0.7334353844098591,,0.5947813149210868,,-0.13865406948877235
UserInfo,UserAgentFamilyID,1633,7,0,32,0.6143699221709484,,0.5230467770983033,grdm,synthetic/rel-avito_ref35/sample117,0.6143699221709484,,0.5230467770983033,,-0.09132314507264516
Location,RegionID,302,4,0,35,0.0185713856906822,,-0.2066885927243222,grdm,synthetic/rel-avito_ref35/sample117,0.0185713856906822,,-0.2066885927243222,,-0.2252599784150044
UserInfo,UserAgentFamilyID,2012,7,0,32,0.718296440002417,,0.5877875598910907,grdm,synthetic/rel-avito_ref35/sample118,0.718296440002417,,0.5877875598910907,,-0.13050888011132633
SearchStream,SearchDate,669,2,11,0,-0.0080562369809498,0.9977229582054234,,grdm,synthetic/rel-avito_ref35/sample118,-0.0080562369809498,0.9977229582054234,,1.0057791951863733,
UserInfo,UserAgentID,2012,7,0,32,0.0672053932357109,,-0.1228273833893505,grdm,synthetic/rel-avito_ref35/sample118,0.0672053932357109,,-0.1228273833893505,,-0.1900327766250614
UserInfo,UserAgentOSID,2440,7,0,45,0.7673232578320258,,0.6613641518245766,grdm,synthetic/rel-avito_ref35/sample119,0.7673232578320258,,0.6613641518245766,,-0.10595910600744918
Location,CityID,508,4,0,35,0.0655312196199893,,-0.1549454613551457,grdm,synthetic/rel-avito_ref35/sample119,0.0655312196199893,,-0.1549454613551457,,-0.220476680975135
UserInfo,UserDeviceID,2440,7,0,45,0.0512243502977329,,-0.0085987935721161,grdm,synthetic/rel-avito_ref35/sample119,0.0512243502977329,,-0.0085987935721161,,-0.059823143869849
UserInfo,UserDeviceID,2697,7,0,45,0.2117266673056723,,-0.1310064246603295,grdm,synthetic/rel-avito_ref35/sample12,0.2117266673056723,,-0.1310064246603295,,-0.34273309196600177
UserInfo,UserAgentID,2697,7,0,45,0.0795292991100748,,-0.0529634041937328,grdm,synthetic/rel-avito_ref35/sample12,0.0795292991100748,,-0.0529634041937328,,-0.13249270330380758
VisitStream,IPID,4000,1,13,0,-0.0624516223469302,-0.149338935184869,,grdm,synthetic/rel-avito_ref35/sample12,-0.0624516223469302,-0.149338935184869,,-0.0868873128379388,
Location,RegionID,494,4,0,35,0.0057910810948981,,-0.1119534494214655,grdm,synthetic/rel-avito_ref35/sample120,0.0057910810948981,,-0.1119534494214655,,-0.1177445305163636
UserInfo,UserAgentFamilyID,2422,7,0,32,0.7685040197538917,,0.6554952496688052,grdm,synthetic/rel-avito_ref35/sample120,0.7685040197538917,,0.6554952496688052,,-0.11300877008508647
AdsInfo,Price,4000,2,8,13,-1274.889211956639,-240563.079082568,-242535.65818472597,grdm,synthetic/rel-avito_ref35/sample120,-1.0,-1.0,-1.0,0.0,0.0
VisitStream,ViewDate,4000,1,13,0,-0.0749430013593204,-0.1299192112025156,,grdm,synthetic/rel-avito_ref35/sample121,-0.0749430013593204,-0.1299192112025156,,-0.05497620984319519,
UserInfo,UserAgentID,1753,7,0,45,0.0638072027186039,,-0.1528062695636067,grdm,synthetic/rel-avito_ref35/sample121,0.0638072027186039,,-0.1528062695636067,,-0.21661347228221062
VisitStream,IPID,4000,1,13,0,-0.0544072294356734,-0.1296398667777256,,grdm,synthetic/rel-avito_ref35/sample121,-0.0544072294356734,-0.1296398667777256,,-0.0752326373420522,
UserInfo,UserAgentFamilyID,2453,7,0,32,0.7561233415955613,,0.6125895576935334,grdm,synthetic/rel-avito_ref35/sample122,0.7561233415955613,,0.6125895576935334,,-0.14353378390202787
UserInfo,UserDeviceID,2453,7,0,32,-0.1184552854655973,,-0.1515155832617756,grdm,synthetic/rel-avito_ref35/sample122,-0.1184552854655973,,-0.1515155832617756,,-0.033060297796178306
SearchInfo,IPID,4000,2,16,0,-0.0588757591188382,-0.1024927170779792,,grdm,synthetic/rel-avito_ref35/sample122,-0.0588757591188382,-0.1024927170779792,,-0.043616957959141,
SearchStream,SearchDate,2445,2,11,0,-0.0075434108012075,0.9984976303128534,,grdm,synthetic/rel-avito_ref35/sample123,-0.0075434108012075,0.9984976303128534,,1.006041041114061,
SearchInfo,SearchDate,4000,2,16,16,-0.0621918655457163,-0.1444783319376468,0.0538730237580962,grdm,synthetic/rel-avito_ref35/sample123,-0.0621918655457163,-0.1444783319376468,0.0538730237580962,-0.08228646639193052,0.11606488930381251
VisitStream,ViewDate,4000,1,13,0,-0.0608661206038023,-0.0948175149603955,,grdm,synthetic/rel-avito_ref35/sample123,-0.0608661206038023,-0.0948175149603955,,-0.0339513943565932,
UserInfo,UserAgentFamilyID,2223,7,0,45,0.7456484536716241,,0.6600827004404901,grdm,synthetic/rel-avito_ref35/sample124,0.7456484536716241,,0.6600827004404901,,-0.08556575323113402
Location,CityID,508,4,0,35,0.033024100647496,,-0.3957118626515612,grdm,synthetic/rel-avito_ref35/sample124,0.033024100647496,,-0.3957118626515612,,-0.4287359632990572
PhoneRequestsStream,IPID,1836,1,13,0,-0.0524361354140705,-0.1661201430732555,,grdm,synthetic/rel-avito_ref35/sample124,-0.0524361354140705,-0.1661201430732555,,-0.11368400765918502,
SearchStream,SearchDate,1797,2,11,0,-0.0044394681924251,0.998044010752402,,grdm,synthetic/rel-avito_ref35/sample125,-0.0044394681924251,0.998044010752402,,1.0024834789448271,
VisitStream,IPID,4000,1,13,0,-0.0734187295065382,-0.0928234705449584,,grdm,synthetic/rel-avito_ref35/sample125,-0.0734187295065382,-0.0928234705449584,,-0.0194047410384202,
PhoneRequestsStream,IPID,2043,1,13,0,-0.0591493737750896,-0.136287325043485,,grdm,synthetic/rel-avito_ref35/sample125,-0.0591493737750896,-0.136287325043485,,-0.0771379512683954,
AdsInfo,Price,4000,2,8,29,-0.0172104819453133,0.1528965540325615,-0.526121608544587,grdm,synthetic/rel-avito_ref35/sample126,-0.0172104819453133,0.1528965540325615,-0.526121608544587,0.1701070359778748,-0.5089111265992737
UserInfo,UserAgentID,2216,7,0,32,0.1297471925683336,,-0.0836715165316128,grdm,synthetic/rel-avito_ref35/sample126,0.1297471925683336,,-0.0836715165316128,,-0.21341870909994642
SearchInfo,IPID,4000,2,16,16,-0.0740653623085683,-0.0807960807328949,-0.0662100161022658,grdm,synthetic/rel-avito_ref35/sample126,-0.0740653623085683,-0.0807960807328949,-0.0662100161022658,-0.006730718424326598,0.007855346206302502
SearchInfo,SearchDate,4000,2,16,0,-0.0798956924096181,-0.1369799230689468,,grdm,synthetic/rel-avito_ref35/sample127,-0.0798956924096181,-0.1369799230689468,,-0.0570842306593287,
SearchInfo,IPID,4000,2,16,0,-0.0379938875782215,-0.1096943556540115,,grdm,synthetic/rel-avito_ref35/sample127,-0.0379938875782215,-0.1096943556540115,,-0.07170046807579,
PhoneRequestsStream,IPID,1163,1,13,0,-0.1369289180527695,-0.2550997058597883,,grdm,synthetic/rel-avito_ref35/sample127,-0.1369289180527695,-0.2550997058597883,,-0.11817078780701881,
PhoneRequestsStream,IPID,2103,1,13,0,-0.0806115381343077,-0.2132407231907582,,grdm,synthetic/rel-avito_ref35/sample128,-0.0806115381343077,-0.2132407231907582,,-0.1326291850564505,
UserInfo,UserAgentOSID,2524,7,0,45,0.7439652603914413,,0.6268642487067573,grdm,synthetic/rel-avito_ref35/sample128,0.7439652603914413,,0.6268642487067573,,-0.11710101168468401
UserInfo,UserAgentFamilyID,2524,7,0,45,0.7402877986774061,,0.6150240180494259,grdm,synthetic/rel-avito_ref35/sample128,0.7402877986774061,,0.6150240180494259,,-0.12526378062798027
VisitStream,IPID,4000,1,13,0,-0.0515206715396185,-0.1027294591552032,,grdm,synthetic/rel-avito_ref35/sample129,-0.0515206715396185,-0.1027294591552032,,-0.05120878761558471,
PhoneRequestsStream,PhoneRequestDate,1074,1,13,0,-0.0639545275622395,-0.2545730626781892,,grdm,synthetic/rel-avito_ref35/sample129,-0.0639545275622395,-0.2545730626781892,,-0.19061853511594967,
VisitStream,ViewDate,4000,1,13,0,-0.0292234131053088,-0.158184558035354,,grdm,synthetic/rel-avito_ref35/sample129,-0.0292234131053088,-0.158184558035354,,-0.1289611449300452,
PhoneRequestsStream,IPID,1839,1,13,0,-0.1086435080898748,-0.2497842935974998,,grdm,synthetic/rel-avito_ref35/sample13,-0.1086435080898748,-0.2497842935974998,,-0.141140785507625,
UserInfo,UserAgentFamilyID,2394,7,0,45,0.6881794737842031,,0.6219217330420057,grdm,synthetic/rel-avito_ref35/sample13,0.6881794737842031,,0.6219217330420057,,-0.06625774074219737
SearchInfo,SearchDate,4000,2,16,16,-0.0764399244068125,-0.138039977495834,0.0562719874691658,grdm,synthetic/rel-avito_ref35/sample13,-0.0764399244068125,-0.138039977495834,0.0562719874691658,-0.061600053089021486,0.1327119118759783
PhoneRequestsStream,IPID,1860,1,13,0,-0.1034726271341426,-0.2419776450733646,,grdm,synthetic/rel-avito_ref35/sample130,-0.1034726271341426,-0.2419776450733646,,-0.138505017939222,
AdsInfo,Price,4000,2,8,26,-0.0004438728105851,0.0094699758376041,-0.0049346324051735,grdm,synthetic/rel-avito_ref35/sample130,-0.0004438728105851,0.0094699758376041,-0.0049346324051735,0.0099138486481892,-0.0044907595945884
Location,CityID,578,4,0,35,0.0083472005655087,,-0.2146203490489131,grdm,synthetic/rel-avito_ref35/sample130,0.0083472005655087,,-0.2146203490489131,,-0.2229675496144218
SearchInfo,SearchDate,4000,2,16,16,-0.0312209689793609,-0.1007590144993293,0.0822101914036615,grdm,synthetic/rel-avito_ref35/sample131,-0.0312209689793609,-0.1007590144993293,0.0822101914036615,-0.0695380455199684,0.1134311603830224
Location,RegionID,495,4,0,35,0.0157676912202047,,-0.2090333679266431,grdm,synthetic/rel-avito_ref35/sample131,0.0157676912202047,,-0.2090333679266431,,-0.22480105914684778
VisitStream,ViewDate,4000,1,13,0,-0.0348728921619587,-0.1547437756502749,,grdm,synthetic/rel-avito_ref35/sample131,-0.0348728921619587,-0.1547437756502749,,-0.11987088348831619,
UserInfo,UserAgentOSID,2162,7,0,45,0.7273335318081855,,0.6608411999412614,grdm,synthetic/rel-avito_ref35/sample132,0.7273335318081855,,0.6608411999412614,,-0.06649233186692405
UserInfo,UserAgentID,2162,7,0,45,0.0965087182562027,,-0.0658212303438046,grdm,synthetic/rel-avito_ref35/sample132,0.0965087182562027,,-0.0658212303438046,,-0.16232994860000732
UserInfo,UserDeviceID,2162,7,0,45,0.1317810455518099,,0.0271772910624833,grdm,synthetic/rel-avito_ref35/sample132,0.1317810455518099,,0.0271772910624833,,-0.10460375448932659
UserInfo,UserAgentOSID,2519,7,0,45,0.8541292897673342,,0.7937283095342571,grdm,synthetic/rel-avito_ref35/sample133,0.8541292897673342,,0.7937283095342571,,-0.06040098023307705
VisitStream,IPID,4000,1,13,0,-0.0626908940719128,-0.1268182252737439,,grdm,synthetic/rel-avito_ref35/sample133,-0.0626908940719128,-0.1268182252737439,,-0.06412733120183109,
UserInfo,UserAgentFamilyID,2519,7,0,45,0.7599442726642655,,0.6397272665075404,grdm,synthetic/rel-avito_ref35/sample133,0.7599442726642655,,0.6397272665075404,,-0.12021700615672504
