table,target,n,n_own,n_par,n_chi,r2_own,r2_parent,r2_child,corpus,db
table_3,feature_21,868,32,10,26,0.9866613575080009,0.9867064008970932,0.9866415142966879,plurel,plurel-0/db
table_3,feature_9,868,32,10,26,0.996723137436815,0.9966666696207604,0.9966871112526741,plurel,plurel-0/db
table_3,feature_33,868,32,10,26,0.9992888296824125,0.9992704874488577,0.9992767824892763,plurel,plurel-0/db
table_0,feature_27,647,23,0,13,-0.15761587195496585,,-0.05571011731107367,plurel,plurel-1/db
table_0,feature_26,647,23,0,13,-0.35326064800969803,,-0.28136881848465256,plurel,plurel-1/db
table_1,feature_6,480,11,15,13,-0.2019179088216756,-0.2987410708870457,-0.1631715970209402,plurel,plurel-1/db
table_1,feature_7,847,20,13,60,-0.15361534034091884,-0.20988492255636393,-0.20327802532188,plurel,plurel-10/db
table_3,feature_15,867,17,15,0,-0.06825338734469932,-0.051819119308041506,,plurel,plurel-10/db
table_10,feature_12,3915,27,14,0,0.48637351690148334,0.7739931041416239,,plurel,plurel-10/db
table_0,feature_14,726,17,0,76,0.02421976287831995,,0.005420242156040422,plurel,plurel-100/db
table_5,feature_3,592,6,34,111,0.8686739316530968,0.8883379556338903,0.8569626791629739,plurel,plurel-100/db
table_8,feature_6,783,30,26,19,0.6685744688584887,0.6938807727269333,0.6595738317882217,plurel,plurel-100/db
table_1,feature_0,761,5,4,0,0.7193007879264139,0.7379676362445096,,plurel,plurel-101/db
table_9,feature_8,521,33,15,50,-0.24038735463605088,-0.1396138818012751,-0.20715030618677832,plurel,plurel-101/db
table_2,feature_1,800,23,4,0,-0.20575827085481646,-0.13793560608425026,,plurel,plurel-101/db
table_0,feature_4,3710,11,22,0,-0.1482202974163387,0.6606994868810294,,plurel,plurel-102/db
table_1,feature_4,683,12,0,22,-0.1610801479128372,,-0.25973439825599476,plurel,plurel-102/db
table_2,feature_4,849,6,0,22,0.7104034480571465,,0.81157674104401,plurel,plurel-102/db
table_2,feature_14,870,30,28,72,0.7686496860840117,0.8886307677103621,0.7469214252608176,plurel,plurel-103/db
table_8,feature_19,3058,8,28,0,0.577291173823004,0.5687633406690985,,plurel,plurel-103/db
table_8,feature_9,3058,8,28,0,-0.15800613158419163,-0.24912366239739692,,plurel,plurel-103/db
table_5,feature_2,2038,8,10,0,0.8194583444542911,0.9431633777025643,,plurel,plurel-104/db
table_4,feature_1,2578,3,10,0,-0.1090070242119281,-0.09196489236228578,,plurel,plurel-104/db
table_6,feature_1,2741,10,5,0,0.995463033884551,0.9954763787498433,,plurel,plurel-104/db
table_2,feature_10,3675,13,13,0,-0.1654294096815525,-0.12728345138232156,,plurel,plurel-105/db
table_0,feature_4,751,5,0,47,0.0878522695023003,,0.5967050404380061,plurel,plurel-105/db
table_1,feature_0,612,3,7,34,-0.11661372457461483,-0.3325049863303038,-0.1783300752060748,plurel,plurel-105/db
table_2,feature_1,2940,2,18,0,-0.13213978604475374,-0.16237271239321127,,plurel,plurel-106/db
table_8,feature_2,674,11,5,70,0.41283930950121916,0.5152074813315821,0.46531030066439294,plurel,plurel-106/db
table_6,feature_1,3357,3,14,0,0.4142086494231324,0.984253463388616,,plurel,plurel-106/db
table_11,feature_7,956,15,14,0,0.9421589531915521,0.9403805438862024,,plurel,plurel-107/db
table_6,feature_26,834,28,26,54,0.08066174924946501,0.06387064905503081,0.09265789679253289,plurel,plurel-107/db
table_13,feature_7,804,7,31,0,0.38502948742095167,0.41172637703577764,,plurel,plurel-107/db
table_3,feature_4,914,27,19,22,0.7656211579751836,0.7694217933987062,0.751479705740201,plurel,plurel-108/db
table_1,feature_27,2969,32,15,0,0.998403713361106,0.9984127641957213,,plurel,plurel-108/db
table_3,feature_16,914,27,19,22,-0.3152485840789243,-0.33120872126122824,-0.2878176826389929,plurel,plurel-108/db
table_2,feature_7,727,24,15,19,-0.09934399576552022,-0.17514323023596057,-0.1513618267295329,plurel,plurel-109/db
table_6,feature_13,2052,16,40,0,0.944486727654232,0.9538333667881004,,plurel,plurel-109/db
table_7,feature_22,598,28,6,122,0.9156358920487572,0.9174843077606079,0.8983027490786322,plurel,plurel-109/db
table_8,feature_9,1994,10,26,0,-0.23750168264218452,-0.24355392912032348,,plurel,plurel-11/db
table_6,feature_0,3830,10,19,0,0.11715040278155964,0.46796361965000555,,plurel,plurel-11/db
table_2,feature_6,3819,4,4,0,-0.118746811908639,0.8807206685884902,,plurel,plurel-11/db
table_1,feature_12,546,9,0,98,-0.3271247563208384,,0.9872088339543194,plurel,plurel-110/db
table_0,feature_25,2761,16,11,0,0.9862135936261335,0.9961610428530938,,plurel,plurel-110/db
table_2,feature_11,3248,19,11,0,0.9975416296864474,0.9991820070358544,,plurel,plurel-110/db
table_12,feature_8,584,20,29,27,0.28159926521574363,0.23619190165656279,0.2857180457586197,plurel,plurel-111/db
table_12,feature_6,584,20,29,27,0.2622356613527487,0.34923631774984165,0.17650394250347423,plurel,plurel-111/db
table_12,feature_10,584,20,29,27,-0.1514452476076693,-0.058908083876045625,0.043438216486922476,plurel,plurel-111/db
table_6,feature_2,881,14,7,0,0.5787822222131502,0.7185325718002086,,plurel,plurel-112/db
table_2,feature_20,520,17,0,16,-0.15726827589432535,,-0.058198033872120636,plurel,plurel-112/db
table_4,feature_19,910,10,14,19,0.4448270995721263,0.5735714666404663,0.4098608934880117,plurel,plurel-113/db
table_6,feature_9,905,8,0,19,-0.14989464554765086,,-0.07532945550568759,plurel,plurel-113/db
table_7,feature_4,496,5,14,26,0.5957540229959775,0.705263874452382,0.550170735075156,plurel,plurel-113/db
table_2,feature_3,607,30,15,28,-0.0967254985543804,-0.14535714408061873,-0.06843820819678026,plurel,plurel-114/db
table_6,feature_20,760,13,0,64,-0.1618924923790206,,-0.19854061550617996,plurel,plurel-114/db
table_0,feature_11,949,11,33,46,-0.19653274977278956,-0.26962759922105395,-0.2111746981439393,plurel,plurel-114/db
table_1,feature_3,486,4,22,7,0.026226053488498047,0.20982895073845265,-0.1268812351066333,plurel,plurel-115/db
table_0,feature_6,620,20,0,10,-0.2019612573812628,,-0.35110819980540575,plurel,plurel-115/db
table_0,feature_9,620,20,0,10,-0.24830849425705992,,-0.27591378432987246,plurel,plurel-115/db
table_17,feature_10,3075,15,13,0,-0.06452091693455575,-0.023507771553370693,,plurel,plurel-116/db
table_10,feature_34,846,38,7,0,-0.13364854449621988,-0.12575893629931345,,plurel,plurel-116/db
table_3,feature_3,489,5,11,10,0.7049137431252881,0.7301986898496897,0.6617460678789043,plurel,plurel-116/db
table_16,feature_1,787,27,33,13,0.04570807759481388,0.22377375842925462,0.03501061247172044,plurel,plurel-117/db
table_15,feature_4,653,14,0,16,-0.2657188438740421,,-0.25501156696715355,plurel,plurel-117/db
table_5,feature_8,859,10,33,13,0.45744222848622296,0.4332972872387182,0.4243945086650275,plurel,plurel-117/db
table_0,feature_14,3692,14,4,0,0.36258448601247406,0.37033797099170584,,plurel,plurel-118/db
table_1,feature_0,797,2,0,41,-0.01981861219799641,,0.8832555640510977,plurel,plurel-118/db
table_0,feature_10,3697,14,4,0,0.9837095633609457,0.9940753872665651,,plurel,plurel-118/db
table_1,feature_2,650,14,8,28,-0.1399921038630716,-0.14896851127092248,0.7525589845102372,plurel,plurel-119/db
table_1,feature_3,650,14,8,28,-0.2894822232026468,-0.32678230574115186,-0.22764145456937812,plurel,plurel-119/db
table_4,feature_2,605,5,8,31,-0.220516735083091,-0.37315734937808953,-0.3158201084457415,plurel,plurel-119/db
table_0,feature_9,768,14,4,34,-0.25052408132923953,-0.13610077790058894,-0.16258745926161566,plurel,plurel-12/db
table_4,feature_15,2907,18,46,0,0.9981252681916495,0.9988009095667661,,plurel,plurel-12/db
table_10,feature_12,3723,14,29,0,-0.140336263193233,-0.10257902774764527,,plurel,plurel-12/db
table_2,feature_10,881,10,0,22,-0.031192102494825402,,0.09747543665942071,plurel,plurel-120/db
table_6,feature_11,849,21,0,7,0.9056490126635178,,0.9223727924076591,plurel,plurel-120/db
table_7,feature_21,2051,26,11,0,0.8336986187760256,0.9310244050233571,,plurel,plurel-120/db
table_1,feature_2,732,10,0,16,-0.3037603199178147,,-0.3581216190398411,plurel,plurel-121/db
table_4,feature_19,3645,21,20,0,-0.10585667480268324,-0.0791530399478757,,plurel,plurel-121/db
table_2,feature_3,725,4,12,13,-0.27095268464443145,-0.3081227415132406,-0.31423589215395853,plurel,plurel-121/db
table_3,feature_1,946,6,11,65,0.9932177952476527,0.9926087331034735,0.9920803131175195,plurel,plurel-122/db
table_11,feature_15,710,26,13,10,0.9750416108901585,0.9738322575054777,0.9752003289159015,plurel,plurel-122/db
table_16,feature_10,653,13,10,34,0.7965978483133188,0.8881040225996298,0.7537411020812654,plurel,plurel-122/db
table_9,feature_5,789,5,0,7,-0.22719828239999296,,-0.1703323418606375,plurel,plurel-123/db
table_0,feature_2,898,3,0,44,-0.12634128056399652,,-0.2421060580809553,plurel,plurel-123/db
table_15,feature_7,848,19,0,29,0.4018777520789013,,0.4035787948583135,plurel,plurel-123/db
table_0,feature_11,822,15,0,121,-0.23828242511639197,,0.9190366777721644,plurel,plurel-124/db
table_0,feature_0,822,15,0,121,-0.24830643197276947,,-0.12358124870839737,plurel,plurel-124/db
table_12,feature_22,792,16,33,0,0.8960753949846918,0.8929393981166133,,plurel,plurel-124/db
table_0,feature_2,570,4,0,54,-0.188052921767351,,0.7647986884881943,plurel,plurel-125/db
table_1,feature_0,3730,6,22,0,0.9072000269297901,0.9660499823813592,,plurel,plurel-125/db
table_2,feature_10,640,13,6,26,0.5508142680379188,0.539032848734613,0.9812309979570913,plurel,plurel-125/db
table_0,feature_1,2168,7,21,0,-0.1918287626872328,-0.18235878090365443,,plurel,plurel-126/db
table_5,feature_14,544,14,0,52,0.921968168004242,,0.9266582779578447,plurel,plurel-126/db
table_5,feature_0,544,14,0,52,0.5393772509703509,,0.784313536204257,plurel,plurel-126/db
table_7,feature_0,534,6,0,31,0.4166881444426762,,0.2648448156816833,plurel,plurel-127/db
table_9,feature_11,796,14,9,0,0.6520808508116376,0.7777124822406497,,plurel,plurel-129/db
table_6,feature_10,718,4,6,26,0.9700172670663406,0.9622881464615459,0.9620376656857051,plurel,plurel-129/db
table_1,feature_2,516,7,0,63,0.9770755947002548,,0.9759461794936011,plurel,plurel-129/db
table_7,feature_3,915,18,25,13,0.22150289491677766,0.21386360272997706,0.23791298932737703,plurel,plurel-13/db
table_18,feature_3,3684,4,8,0,-0.1251484403927552,-0.1545085485616191,,plurel,plurel-13/db
table_17,feature_3,608,5,18,13,-0.31426534053357646,-0.17628862106071286,-0.4014806603053285,plurel,plurel-13/db
table_2,feature_5,3685,5,26,0,0.9328117483550737,0.9990796538300203,,plurel,plurel-130/db
table_5,feature_13,796,20,19,22,0.9037120636329358,0.9286855099207174,0.8991097913749332,plurel,plurel-130/db
table_0,feature_17,1895,19,31,0,0.8889441400476875,0.916835843957622,,plurel,plurel-131/db
table_12,feature_4,1872,21,36,0,0.9874439798365694,0.9974414382303046,,plurel,plurel-131/db
table_4,feature_19,497,20,39,40,0.16610589942650467,0.12077189865955429,0.7375597813726988,plurel,plurel-131/db
table_1,feature_13,2842,25,13,0,0.24342120068057616,0.26559751150072564,,plurel,plurel-132/db
table_0,feature_5,679,7,0,87,0.14108614216804383,,0.07835776266422678,plurel,plurel-132/db
table_1,feature_8,2842,25,13,0,0.9984993177409857,0.9987433804315193,,plurel,plurel-132/db
table_0,feature_16,649,24,0,31,-0.14070215575689726,,0.5091766016322355,plurel,plurel-133/db
table_1,feature_1,3591,9,9,0,0.9965282417046988,0.9992688263495907,,plurel,plurel-133/db
table_3,feature_10,804,9,26,16,0.4033930785675196,0.40597507260259424,0.40800603343441877,plurel,plurel-133/db
table_0,feature_2,2584,22,0,61,0.7679345774035284,,0.7596341801432791,rdbpfn,large_woGNN/dag_rdb_1004
table_0,feature_18,2584,22,0,61,0.7370800476672419,,0.7336307885826054,rdbpfn,large_woGNN/dag_rdb_1004
table_2,feature_8,4000,11,20,64,0.9487397950464745,0.9609682870131594,0.9393546901601102,rdbpfn,large_woGNN/dag_rdb_1004
table_2,feature_14,1070,22,21,0,0.13747088511634575,0.16825701501089074,,rdbpfn,large_woGNN/dag_rdb_1005
table_1,feature_6,1055,20,21,0,0.9442660641323974,0.9413503795623137,,rdbpfn,large_woGNN/dag_rdb_1005
table_4,feature_8,1144,12,37,0,0.8184179508019988,0.8064342224388666,,rdbpfn,large_woGNN/dag_rdb_1005
table_1,feature_18,1690,21,12,40,0.34351907002280346,0.3350073523574919,0.3620136154663812,rdbpfn,large_woGNN/dag_rdb_1006
table_1,feature_4,1690,21,12,40,0.5015244225040983,0.519299947431614,0.5040890890579951,rdbpfn,large_woGNN/dag_rdb_1006
table_1,feature_12,1690,21,12,40,0.24614808514345277,0.2606073190069791,0.24942569482951027,rdbpfn,large_woGNN/dag_rdb_1006
table_2,feature_10,2211,18,24,0,0.6191440410452236,0.584275023931604,,rdbpfn,large_woGNN/dag_rdb_1007
table_1,feature_0,2082,20,24,0,0.9001386388031604,0.8979641003776092,,rdbpfn,large_woGNN/dag_rdb_1007
table_1,feature_12,2082,20,24,0,0.7363264561822824,0.7030222735243807,,rdbpfn,large_woGNN/dag_rdb_1007
table_1,feature_6,1001,15,23,0,0.6572486467718142,0.7231799478590111,,rdbpfn,large_woGNN/dag_rdb_1008
table_0,feature_0,1128,22,0,92,0.8014648232721419,,0.7901870258856187,rdbpfn,large_woGNN/dag_rdb_1008
table_1,feature_0,1001,15,23,0,0.4050647400363643,0.5325395068958008,,rdbpfn,large_woGNN/dag_rdb_1008
table_4,feature_4,1075,13,24,0,-0.1336796803286595,-0.15953794342514738,,rdbpfn,large_woGNN/dag_rdb_1009
table_1,feature_6,1745,11,0,119,0.20852584582882194,,0.15202218413118607,rdbpfn,large_woGNN/dag_rdb_1009
table_0,feature_8,1000,11,0,159,0.8719929074944018,,0.8674002120860627,rdbpfn,large_woGNN/dag_rdb_1009
table_2,feature_4,2223,11,12,40,0.7675558547074791,0.7578555958517899,0.7631396377146034,rdbpfn,large_woGNN/dag_rdb_500
table_5,feature_2,4000,11,14,0,0.146945078211565,0.15428280097440916,,rdbpfn,large_woGNN/dag_rdb_500
table_1,feature_6,4000,11,0,83,0.08030331811171876,,0.06390201517229743,rdbpfn,large_woGNN/dag_rdb_500
table_3,feature_10,4000,11,15,0,-0.07187919107200269,-0.10769323835546629,,rdbpfn,large_woGNN/dag_rdb_501
table_0,feature_8,1066,14,0,221,0.09060912695452672,,0.079013037163714,rdbpfn,large_woGNN/dag_rdb_501
table_4,feature_10,4000,11,15,0,0.8609586142815268,0.8960634399799379,,rdbpfn,large_woGNN/dag_rdb_501
table_0,feature_0,2992,11,0,86,0.8051709982706,,0.7935986542528244,rdbpfn,large_woGNN/dag_rdb_502
table_3,feature_4,2403,11,31,0,-0.194056304173698,-0.11226330157919384,,rdbpfn,large_woGNN/dag_rdb_502
table_1,feature_4,4000,18,0,86,0.5117380889406457,,0.49980207990344716,rdbpfn,large_woGNN/dag_rdb_502
table_2,feature_6,1204,11,24,0,0.27527827811032957,0.2980326377643103,,rdbpfn,large_woGNN/dag_rdb_503
table_1,feature_8,1000,11,0,43,0.7629714487980853,,0.7517256934828589,rdbpfn,large_woGNN/dag_rdb_503
table_1,feature_4,1000,11,0,43,0.7648287728881478,,0.7320699223207747,rdbpfn,large_woGNN/dag_rdb_503
table_5,feature_2,1028,11,18,178,0.5266344773685381,0.5065685727278539,0.5257772516716317,rdbpfn,large_woGNN/dag_rdb_504
table_6,feature_8,1000,11,16,0,0.7820274237921098,0.7773746383343971,,rdbpfn,large_woGNN/dag_rdb_504
table_4,feature_20,1056,22,16,0,0.9634442323684806,0.9631317354057705,,rdbpfn,large_woGNN/dag_rdb_504
table_0,feature_16,3602,19,0,140,0.6660978167695292,,0.661186198218783,rdbpfn,large_woGNN/dag_rdb_505
table_0,feature_2,3602,19,0,140,0.3186117763371856,,0.3200467513743438,rdbpfn,large_woGNN/dag_rdb_505
table_3,feature_4,1654,22,36,0,0.8414234025866305,0.845474119075344,,rdbpfn,large_woGNN/dag_rdb_505
table_3,feature_8,1044,11,12,40,0.9522662838856485,0.9593751946763805,0.9522767205183507,rdbpfn,large_woGNN/dag_rdb_506
table_2,feature_2,1096,11,0,40,0.05765480910928644,,-0.019625938312220814,rdbpfn,large_woGNN/dag_rdb_506
table_6,feature_10,1360,11,13,0,0.5797675891272296,0.7950870970882764,,rdbpfn,large_woGNN/dag_rdb_506
table_0,feature_0,1032,13,0,129,0.3636490796033257,,0.36447440167704703,rdbpfn,large_woGNN/dag_rdb_507
table_5,feature_20,1241,23,16,0,-0.08558406798208829,-0.08799517743406327,,rdbpfn,large_woGNN/dag_rdb_507
table_5,feature_6,1241,23,16,0,-0.18415870797295075,-0.1652069765933113,,rdbpfn,large_woGNN/dag_rdb_507
table_1,feature_8,1147,11,0,83,0.8593433117606293,,0.8604892926020669,rdbpfn,large_woGNN/dag_rdb_508
table_2,feature_8,1012,11,12,0,0.4864326759969154,0.6026546571882239,,rdbpfn,large_woGNN/dag_rdb_508
table_1,feature_4,1147,11,0,83,0.9461187673436027,,0.9338708862642408,rdbpfn,large_woGNN/dag_rdb_508
table_0,feature_18,2887,20,0,40,0.1559106347573297,,0.14429142061802147,rdbpfn,large_woGNN/dag_rdb_509
table_1,feature_8,1774,11,21,43,0.7851617059185336,0.7171358080658,0.784852840616568,rdbpfn,large_woGNN/dag_rdb_509
table_3,feature_10,4000,15,14,0,-0.06533207982304723,-0.039228871840802926,,rdbpfn,large_woGNN/dag_rdb_509
table_1,feature_6,4000,11,0,73,0.31973889440189385,,0.3137580415726883,rdbpfn,large_woGNN/dag_rdb_510
table_0,feature_2,1234,12,0,73,-0.04718248869480424,,-0.06278617776373019,rdbpfn,large_woGNN/dag_rdb_510
table_0,feature_8,1234,12,0,73,-0.17527636816077963,,-0.14396567936061389,rdbpfn,large_woGNN/dag_rdb_510
table_1,feature_16,1032,16,0,43,0.264323883386667,,0.25034303326153773,rdbpfn,large_woGNN/dag_rdb_511
table_2,feature_4,1017,11,29,0,0.8300145118470167,0.7906724477456846,,rdbpfn,large_woGNN/dag_rdb_511
table_1,feature_8,1032,16,0,43,0.9482186285822155,,0.9479506384168318,rdbpfn,large_woGNN/dag_rdb_511
table_1,feature_10,1000,11,12,0,0.7005438949935336,0.6607310894996621,,rdbpfn,large_woGNN/dag_rdb_512
table_1,feature_6,1000,11,12,0,0.416683640102105,0.38369816292913206,,rdbpfn,large_woGNN/dag_rdb_512
table_0,feature_10,1000,11,0,40,-0.2808190267458648,,-0.2070544384578885,rdbpfn,large_woGNN/dag_rdb_512
table_0,feature_4,1628,11,0,43,0.7253853657611669,,0.6846369125902878,rdbpfn,large_woGNN/dag_rdb_513
table_1,feature_0,2198,14,0,43,0.15140814067017405,,0.1661303764470925,rdbpfn,large_woGNN/dag_rdb_513
table_0,feature_8,1628,11,0,43,0.8469157522846884,,0.8133535295751928,rdbpfn,large_woGNN/dag_rdb_513
table_1,feature_4,1866,11,15,40,0.4550239498302582,0.44828674153596826,0.43521281449399907,rdbpfn,large_woGNN/dag_rdb_514
table_1,feature_0,1866,11,15,40,-0.017149637031321996,-0.042243924062100646,0.09009513759717347,rdbpfn,large_woGNN/dag_rdb_514
table_0,feature_6,4000,14,0,40,0.9412019795354583,,0.9411563183076425,rdbpfn,large_woGNN/dag_rdb_514
table_0,feature_16,1082,21,0,141,0.8713604125079769,,0.8549045060109159,rdbpfn,large_woGNN/dag_rdb_515
table_0,feature_12,1082,21,0,141,0.7731914432448532,,0.7311977954628285,rdbpfn,large_woGNN/dag_rdb_515
table_0,feature_8,1082,21,0,141,0.7527000478252264,,0.7240134191794853,rdbpfn,large_woGNN/dag_rdb_515
table_0,feature_14,2364,19,0,52,-0.03816161721888145,,-0.023098349153303,rdbpfn,large_woGNN/dag_rdb_516
table_1,feature_0,2770,17,0,52,0.6801870720107196,,0.6633332667421468,rdbpfn,large_woGNN/dag_rdb_516
table_2,feature_12,2450,14,38,0,0.5479857622383499,0.5649427242256835,,rdbpfn,large_woGNN/dag_rdb_516
table_0,feature_18,2268,22,0,150,-0.1545090070713473,,-0.10586346170306138,rdbpfn,large_woGNN/dag_rdb_517
table_5,feature_10,1325,11,35,70,0.18704052228863466,0.2768018098162097,0.20975686300408447,rdbpfn,large_woGNN/dag_rdb_517
table_6,feature_18,1867,21,12,70,-0.12451878167894104,-0.13036345506920055,-0.11464343381374986,rdbpfn,large_woGNN/dag_rdb_517
table_2,feature_10,1606,17,32,0,0.9771240495444066,0.9759892872106858,,rdbpfn,large_woGNN/dag_rdb_518
table_1,feature_0,2691,11,19,61,0.9081587832300411,0.9057154227365154,0.908314624826958,rdbpfn,large_woGNN/dag_rdb_518
table_0,feature_0,4000,18,0,101,0.6573960937984142,,0.6566242149577487,rdbpfn,large_woGNN/dag_rdb_518
table_1,feature_4,1866,11,0,138,-0.1377422360676881,,-0.12747164452837811,rdbpfn,large_woGNN/dag_rdb_519
table_6,feature_12,1327,18,42,110,0.21183963913265802,0.12487447012246311,0.1546205894167303,rdbpfn,large_woGNN/dag_rdb_519
table_9,feature_10,1000,11,22,0,0.18629607352869693,0.13521657525458242,,rdbpfn,large_woGNN/dag_rdb_519
table_2,feature_4,1000,11,12,0,0.5427338113228009,0.5024876115001309,,rdbpfn,large_woGNN/dag_rdb_520
table_1,feature_2,1191,11,12,0,-0.12038526290801577,-0.05862484798392287,,rdbpfn,large_woGNN/dag_rdb_520
table_0,feature_0,1276,11,0,80,-0.2826706855224228,,-0.08628761139449304,rdbpfn,large_woGNN/dag_rdb_520
table_2,feature_22,2330,22,20,0,0.9665389306363715,0.9640489839063568,,rdbpfn,large_woGNN/dag_rdb_521
table_0,feature_14,1763,19,0,134,0.40174539305867085,,0.40299184472678506,rdbpfn,large_woGNN/dag_rdb_521
table_1,feature_6,1807,18,20,0,-0.22770532953088396,-0.2138846534690806,,rdbpfn,large_woGNN/dag_rdb_521
table_2,feature_0,1301,16,26,0,-0.13953308532939834,-0.18814368017213634,,rdbpfn,large_woGNN/dag_rdb_522
table_2,feature_4,1301,16,26,0,-0.14874202640735756,-0.13347362964582343,,rdbpfn,large_woGNN/dag_rdb_522
table_2,feature_14,1301,16,26,0,-0.19384808061214298,-0.18436627643863557,,rdbpfn,large_woGNN/dag_rdb_522
table_1,feature_6,1000,11,16,0,-0.1576598515381089,-0.19017430799447355,,rdbpfn,large_woGNN/dag_rdb_523
table_2,feature_0,1000,11,16,0,0.5059318785451347,0.48833965514950606,,rdbpfn,large_woGNN/dag_rdb_523
table_2,feature_8,1000,11,16,0,0.891589332721809,0.893032413447387,,rdbpfn,large_woGNN/dag_rdb_523
table_0,feature_4,1869,11,0,40,0.15789021536602332,,0.16189115515730745,rdbpfn,large_woGNN/dag_rdb_524
table_0,feature_6,1869,11,0,40,0.05569798974238804,,0.048355242601644144,rdbpfn,large_woGNN/dag_rdb_524
table_0,feature_2,1869,11,0,40,0.35787391595680096,,0.3690225173479028,rdbpfn,large_woGNN/dag_rdb_524
table_0,feature_10,1379,22,0,119,0.7084377879603139,,0.7024860932524021,rdbpfn,large_woGNN/dag_rdb_525
table_3,feature_12,4000,20,42,0,0.8310328240878414,0.8340412962772099,,rdbpfn,large_woGNN/dag_rdb_525
table_3,feature_4,4000,20,42,0,0.6101210923597089,0.6278295846103985,,rdbpfn,large_woGNN/dag_rdb_525
table_1,feature_4,1727,11,12,0,0.39719739499971995,0.5643394084882951,,rdbpfn,large_woGNN/dag_rdb_526
table_0,feature_2,2518,11,0,104,-0.06450474871496681,,-0.0707125311356589,rdbpfn,large_woGNN/dag_rdb_526
table_2,feature_12,4000,19,12,0,0.9123948799032942,0.9109970952095436,,rdbpfn,large_woGNN/dag_rdb_526
table_2,feature_0,2156,11,22,79,-0.09170023586755693,-0.10824139743820305,-0.06888203712193874,rdbpfn,large_woGNN/dag_rdb_527
table_4,feature_0,2317,11,17,79,-0.21349375947531857,-0.24349525405470485,-0.14786899692663602,rdbpfn,large_woGNN/dag_rdb_527
table_6,feature_20,1980,22,39,0,0.17003920218628388,0.18884397383770668,,rdbpfn,large_woGNN/dag_rdb_527
table_1,feature_8,1181,11,19,0,-0.26014825510890005,-0.2891785537780456,,rdbpfn,large_woGNN/dag_rdb_528
table_0,feature_14,1157,18,0,40,0.14616117504344794,,0.18086202783566785,rdbpfn,large_woGNN/dag_rdb_528
table_0,feature_8,1157,18,0,40,0.11635506932305262,,0.05308401472697044,rdbpfn,large_woGNN/dag_rdb_528
table_1,feature_4,1153,11,12,0,0.8202947829965782,0.8033785857097364,,rdbpfn,large_woGNN/dag_rdb_529
table_1,feature_2,1153,11,12,0,0.3935224341932002,0.34914124228246424,,rdbpfn,large_woGNN/dag_rdb_529
table_0,feature_2,1102,11,0,80,0.6935719437074424,,0.6459620540054694,rdbpfn,large_woGNN/dag_rdb_529
table_2,feature_2,1284,11,12,40,0.9854868078213948,0.9881113810731124,0.985367688445684,rdbpfn,large_woGNN/dag_rdb_530
table_2,feature_8,1284,11,12,40,0.8785863363833997,0.8732532278905101,0.8784735889828625,rdbpfn,large_woGNN/dag_rdb_530
table_2,feature_0,1284,11,12,40,0.0035988018058663584,0.0714382208024108,0.004918258500048678,rdbpfn,large_woGNN/dag_rdb_530
table_0,feature_14,1451,15,0,80,0.8266082521381567,,0.8137244576426943,rdbpfn,large_woGNN/dag_rdb_531
table_2,feature_4,1000,11,16,0,0.12015688983038086,0.1452525483660262,,rdbpfn,large_woGNN/dag_rdb_531
table_2,feature_0,1000,11,16,0,-0.19762843352577475,0.0922910290757164,,rdbpfn,large_woGNN/dag_rdb_531
table_1,feature_6,1680,11,14,0,0.9493751834272544,0.9577830497849922,,rdbpfn,large_woGNN/dag_rdb_532
table_1,feature_0,1680,11,14,0,0.8284249230923414,0.9635947781915898,,rdbpfn,large_woGNN/dag_rdb_532
table_0,feature_8,1782,13,0,40,0.10777485676375687,,0.08715279700786593,rdbpfn,large_woGNN/dag_rdb_532
table_6,feature_0,1030,15,13,0,-0.23942548998784363,-0.22253951755009416,,rdbpfn,large_woGNN/dag_rdb_533
table_4,feature_8,1193,21,13,0,0.03145848386140204,0.14252189941066995,,rdbpfn,large_woGNN/dag_rdb_533
table_2,feature_8,1000,11,16,299,0.8717779905972354,0.8773111639190296,0.8486635120197082,rdbpfn,large_woGNN/dag_rdb_533
results,laps,4000,7,8,0,0.30235445188517873,0.7020858579241631,,reldiff,synthetic/rel-f1_ref35/RelDiff/sample1
races,year,289,3,7,76,0.3060466310172596,0.5215234155249012,0.9653842215713997,reldiff,synthetic/rel-f1_ref35/RelDiff/sample1
constructor_standings,points,2951,2,6,0,0.8446721816469465,0.9388811722066036,,reldiff,synthetic/rel-f1_ref35/RelDiff/sample1
races,round,289,3,7,76,0.18150487386751302,0.682736941818334,0.9158484011780847,reldiff,synthetic/rel-f1_ref35/RelDiff/sample2
constructor_standings,points,2951,2,6,0,0.8376435224000769,0.9283458010802476,,reldiff,synthetic/rel-f1_ref35/RelDiff/sample2
standings,points,4000,2,7,0,0.7927667817833265,0.9193713738106623,,reldiff,synthetic/rel-f1_ref35/RelDiff/sample2
results,number,3995,7,8,0,-0.05221718787778373,0.05523981857509652,,reldiff,synthetic/rel-f1_ref35/RelDiff/sample3
results,points,4000,7,8,0,0.732985344371791,0.7472207750823114,,reldiff,synthetic/rel-f1_ref35/RelDiff/sample3
constructor_standings,points,2951,2,6,0,0.8478385462126362,0.9394081698551333,,reldiff,synthetic/rel-f1_ref35/RelDiff/sample3
standings,position,4000,2,7,0,0.4501076670858134,0.7245726978386138,,reldiff,synthetic/rel-f1_ref35/RelDiff/sample4
results,number,3995,7,8,0,0.005570907701178629,0.09667900383507688,,reldiff,synthetic/rel-f1_ref35/RelDiff/sample4
results,position,2001,7,8,0,0.7623400991977811,0.748634217917096,,reldiff,synthetic/rel-f1_ref35/RelDiff/sample4
VisitStream,IPID,4000,1,4,0,0.040979453899917195,0.05592976782250858,,reldiff,synthetic/rel-avito_ref35/RelDiff/sample1
AdsInfo,CategoryID,4000,3,0,30,-0.021894696252575008,,-0.039712481038859604,reldiff,synthetic/rel-avito_ref35/RelDiff/sample1
PhoneRequestsStream,IPID,4000,1,4,0,0.13692396359035441,0.21624205260683182,,reldiff,synthetic/rel-avito_ref35/RelDiff/sample1
Location,RegionID,1401,2,0,16,0.010611886073441767,,-0.0977707558556471,reldiff,synthetic/rel-avito_ref35/RelDiff/sample2
VisitStream,IPID,4000,1,4,0,0.024724513400956383,0.04237928064988772,,reldiff,synthetic/rel-avito_ref35/RelDiff/sample2
Location,CityID,1401,2,0,16,0.018975857374584515,,-0.1708757388803397,reldiff,synthetic/rel-avito_ref35/RelDiff/sample2
AdsInfo,CategoryID,4000,3,0,30,-0.021894696252575008,,-0.024272137728517995,reldiff,synthetic/rel-avito_ref35/RelDiff/sample3
PhoneRequestsStream,UserID,3999,1,4,0,-0.03454961512390953,0.051286111312545124,,reldiff,synthetic/rel-avito_ref35/RelDiff/sample3
Location,CityID,1401,2,0,16,0.018975857374584515,,-0.12379953427550427,reldiff,synthetic/rel-avito_ref35/RelDiff/sample3
SearchInfo,UserID,3994,2,6,16,-0.048057685633841274,0.01773931800548345,-0.10458057115616959,reldiff,synthetic/rel-avito_ref35/RelDiff/sample4
SearchInfo,IPID,4000,2,6,16,0.042332410484446026,0.10413766095545807,-0.021890766969937303,reldiff,synthetic/rel-avito_ref35/RelDiff/sample4
VisitStream,IPID,4000,1,4,0,0.01813280488688318,0.05108675146786301,,reldiff,synthetic/rel-avito_ref35/RelDiff/sample4
article,section_no,4000,20,0,10,0.996390376219209,,0.9950544179396335,reldiff,synthetic/rel-hm_ref35/RelDiff/sample1
article,graphical_appearance_no,4000,20,0,10,-0.0016764720641511133,,-0.0016764682098504569,reldiff,synthetic/rel-hm_ref35/RelDiff/sample1
article,product_code,4000,20,0,10,0.1330704851068738,,0.15413063945791017,reldiff,synthetic/rel-hm_ref35/RelDiff/sample1
transactions,price,4000,2,26,0,-0.008203850645698063,0.5021289893341283,,reldiff,synthetic/rel-hm_ref35/RelDiff/sample2
article,garment_group_no,4000,20,0,10,0.9937899391504695,,0.9926683194719853,reldiff,synthetic/rel-hm_ref35/RelDiff/sample2
article,graphical_appearance_no,4000,20,0,10,-0.0016764720641511133,,-0.0016763454079551376,reldiff,synthetic/rel-hm_ref35/RelDiff/sample2
article,product_type_no,4000,20,0,10,0.8581709480676636,,0.8570659296932552,reldiff,synthetic/rel-hm_ref35/RelDiff/sample3
article,garment_group_no,4000,20,0,10,0.9937899391504695,,0.9928542796639217,reldiff,synthetic/rel-hm_ref35/RelDiff/sample3
article,colour_group_code,4000,20,0,10,0.9868047119149341,,0.9862767529911777,reldiff,synthetic/rel-hm_ref35/RelDiff/sample3
article,garment_group_no,4000,20,0,10,0.9937899391504695,,0.9928195123902959,reldiff,synthetic/rel-hm_ref35/RelDiff/sample4
article,section_no,4000,20,0,10,0.996390376219209,,0.995295330662807,reldiff,synthetic/rel-hm_ref35/RelDiff/sample4
article,colour_group_code,4000,20,0,10,0.9868047119149341,,0.9871864373152707,reldiff,synthetic/rel-hm_ref35/RelDiff/sample4
designs,id,4000,12,0,46,-0.03377073454701063,,-0.006889781540374562,reldiff,synthetic/rel-trial_ref35/RelDiff/sample1
outcome_analyses,dispersion_value,862,17,13,0,-0.10507481446019962,-0.027343882413780385,,reldiff,synthetic/rel-trial_ref35/RelDiff/sample1
outcome_analyses,outcome_id,4000,14,13,0,0.15952554081611836,0.33051117293735766,,reldiff,synthetic/rel-trial_ref35/RelDiff/sample1
outcome_analyses,ci_percent,3626,14,13,0,-0.047602406654939644,-0.02145532959272267,,reldiff,synthetic/rel-trial_ref35/RelDiff/sample2
outcome_analyses,param_value,3257,15,13,0,-0.031111771951794376,-0.017727705693464824,,reldiff,synthetic/rel-trial_ref35/RelDiff/sample2
outcome_analyses,dispersion_value,890,17,13,0,-0.18213959073685548,-0.16660219629230055,,reldiff,synthetic/rel-trial_ref35/RelDiff/sample2
outcome_analyses,ci_lower_limit,3152,15,13,0,-0.07185862713313806,-0.06979345406992321,,reldiff,synthetic/rel-trial_ref35/RelDiff/sample3
outcome_analyses,dispersion_value,855,17,13,0,-0.06986414463602686,-0.11170484969821493,,reldiff,synthetic/rel-trial_ref35/RelDiff/sample3
designs,id,4000,12,0,46,-0.023476779340599885,,0.021972586690426676,reldiff,synthetic/rel-trial_ref35/RelDiff/sample3
outcome_analyses,ci_upper_limit,3129,15,13,0,-0.3241525032871233,-0.39965987806486214,,reldiff,synthetic/rel-trial_ref35/RelDiff/sample4
outcome_analyses,dispersion_value,907,17,13,0,-0.316407439413527,-0.337353288677428,,reldiff,synthetic/rel-trial_ref35/RelDiff/sample4
sponsors_studies,nct_id,4000,1,1,0,-0.003179012253892388,0.01558722238879462,,reldiff,synthetic/rel-trial_ref35/RelDiff/sample4
SearchInfo,IPID,4000,2,16,16,-0.08382846795044352,-0.12841041343989912,-0.12105131100487476,grdm,synthetic/rel-avito_ref35/sample0
UserInfo,UserAgentFamilyID,4000,7,0,32,0.7400351723459582,,0.7169002713393029,grdm,synthetic/rel-avito_ref35/sample0
Location,CityID,3512,4,0,35,0.001195522680242922,,-0.09425148214743473,grdm,synthetic/rel-avito_ref35/sample0
VisitStream,IPID,3911,1,13,0,-0.065349092018117,-0.08630395157620674,,grdm,synthetic/rel-avito_ref35/sample1
UserInfo,UserAgentFamilyID,1768,7,0,45,0.6927367752759235,,0.5737468682318223,grdm,synthetic/rel-avito_ref35/sample1
UserInfo,UserAgentID,1768,7,0,45,0.09155146096136979,,-0.05845029793471279,grdm,synthetic/rel-avito_ref35/sample1
Location,RegionID,379,4,0,35,-0.20691530051989937,,-0.22483981350165583,grdm,synthetic/rel-avito_ref35/sample10
SearchStream,SearchDate,965,2,11,0,-0.011374784767321122,0.9977373609886624,,grdm,synthetic/rel-avito_ref35/sample10
Location,CityID,379,4,0,35,-0.03614056221245776,,-0.5732712896635364,grdm,synthetic/rel-avito_ref35/sample10
PhoneRequestsStream,PhoneRequestDate,996,1,13,0,-0.11214162437918995,-0.1881310469132853,,grdm,synthetic/rel-avito_ref35/sample100
SearchStream,SearchDate,772,2,11,0,-0.006315184665966145,0.9971651012317059,,grdm,synthetic/rel-avito_ref35/sample100
AdsInfo,Price,4000,2,8,29,-0.0002911523654050008,0.07535272197098386,0.0007948180333374744,grdm,synthetic/rel-avito_ref35/sample100
SearchInfo,SearchDate,4000,2,16,16,-0.056104058184067274,-0.12113866813790386,0.05712246998690951,grdm,synthetic/rel-avito_ref35/sample101
SearchInfo,IPID,4000,2,16,16,-0.08174232539565329,-0.08608654504215885,-0.07861886993337541,grdm,synthetic/rel-avito_ref35/sample101
Location,CityID,540,4,0,35,0.05374590401342483,,-0.22998008083934884,grdm,synthetic/rel-avito_ref35/sample101
UserInfo,UserAgentOSID,1499,7,0,32,0.7195585055503411,,0.5450280255760414,grdm,synthetic/rel-avito_ref35/sample102
PhoneRequestsStream,PhoneRequestDate,1026,1,13,0,-0.16522038016428198,-0.2820839672336406,,grdm,synthetic/rel-avito_ref35/sample102
SearchInfo,IPID,4000,2,16,0,-0.059064142080641036,-0.07924649244570303,,grdm,synthetic/rel-avito_ref35/sample102
PhoneRequestsStream,PhoneRequestDate,1741,1,13,0,-0.09585660540637542,-0.23293846775597782,,grdm,synthetic/rel-avito_ref35/sample103
SearchInfo,SearchDate,4000,2,16,16,-0.0819239451628524,-0.13317580192197798,0.004701748532293437,grdm,synthetic/rel-avito_ref35/sample103
Location,RegionID,410,4,0,35,0.03314409552794295,,-0.11922963970107792,grdm,synthetic/rel-avito_ref35/sample103
AdsInfo,Price,4000,2,8,42,-0.00026347282198857513,0.054025214579034975,0.04961825335272996,grdm,synthetic/rel-avito_ref35/sample104
SearchStream,SearchDate,1336,2,11,0,0.004337214257451816,0.9973668387992476,,grdm,synthetic/rel-avito_ref35/sample104
PhoneRequestsStream,PhoneRequestDate,1333,1,13,0,-0.10965039164540924,-0.21989928185487662,,grdm,synthetic/rel-avito_ref35/sample104
SearchInfo,SearchDate,4000,2,16,16,-0.07304979938576328,-0.11063162033698659,0.04118898140306704,grdm,synthetic/rel-avito_ref35/sample105
AdsInfo,Price,4000,2,8,29,-0.22913792248953313,-3.449923249322522,-0.3275158528160935,grdm,synthetic/rel-avito_ref35/sample105
Location,CityID,511,4,0,35,-0.010523711222472532,,-0.12328926964609077,grdm,synthetic/rel-avito_ref35/sample105
Location,CityID,375,4,0,35,0.009817495362876127,,-0.1269403795229873,grdm,synthetic/rel-avito_ref35/sample106
Location,RegionID,375,4,0,35,-0.016683964697316478,,-0.14199376775496808,grdm,synthetic/rel-avito_ref35/sample106
AdsInfo,Price,4000,2,8,13,-0.11286862634514216,-14.892889648908522,-0.22996443895444174,grdm,synthetic/rel-avito_ref35/sample106
UserInfo,UserDeviceID,1982,7,0,32,0.039094553538368215,,0.13082564103454863,grdm,synthetic/rel-avito_ref35/sample107
AdsInfo,Price,4000,2,8,29,-0.0008558084860430526,-0.0010105491866996275,-0.0008021292996192031,grdm,synthetic/rel-avito_ref35/sample107
SearchStream,SearchDate,1006,2,11,0,-0.020843537570873094,0.9978541789279219,,grdm,synthetic/rel-avito_ref35/sample107
UserInfo,UserAgentOSID,2139,7,0,32,0.7238298946625119,,0.673279397135305,grdm,synthetic/rel-avito_ref35/sample108
PhoneRequestsStream,IPID,880,1,13,0,-0.11008258707198748,-0.2836557384581009,,grdm,synthetic/rel-avito_ref35/sample108
UserInfo,UserDeviceID,2139,7,0,32,-0.1661751077747975,,-0.06650766112575157,grdm,synthetic/rel-avito_ref35/sample108
UserInfo,UserAgentID,1741,7,0,32,0.11102254884840601,,-0.14353604650043073,grdm,synthetic/rel-avito_ref35/sample109
SearchStream,SearchDate,635,2,11,0,-0.018394076082284272,0.9970823446990097,,grdm,synthetic/rel-avito_ref35/sample109
PhoneRequestsStream,IPID,890,1,13,0,-0.12464085304680261,-0.23545136083369322,,grdm,synthetic/rel-avito_ref35/sample109
VisitStream,IPID,4000,1,13,0,-0.0657600945905279,-0.11582314423277973,,grdm,synthetic/rel-avito_ref35/sample11
UserInfo,UserDeviceID,2357,7,0,45,0.136903494260596,,-0.05643653734483833,grdm,synthetic/rel-avito_ref35/sample11
UserInfo,UserAgentFamilyID,2357,7,0,45,0.6615011279806295,,0.5858841995400272,grdm,synthetic/rel-avito_ref35/sample11
UserInfo,UserAgentID,2556,7,0,32,0.0733782787416194,,-0.07717353608162036,grdm,synthetic/rel-avito_ref35/sample110
VisitStream,ViewDate,4000,1,13,0,-0.06963854100979994,-0.15390849761079606,,grdm,synthetic/rel-avito_ref35/sample110
UserInfo,UserAgentOSID,2556,7,0,32,0.7120952216410229,,0.6801190279654523,grdm,synthetic/rel-avito_ref35/sample110
UserInfo,UserAgentFamilyID,1997,7,0,32,0.7107320527663925,,0.5917149061415689,grdm,synthetic/rel-avito_ref35/sample111
AdsInfo,Price,4000,2,8,29,-0.006701509212928336,-0.12831542129349383,-0.02340164154347435,grdm,synthetic/rel-avito_ref35/sample111
VisitStream,IPID,3331,1,13,0,-0.05557001412529661,-0.15198279792173053,,grdm,synthetic/rel-avito_ref35/sample111
AdsInfo,Price,4000,2,8,29,-0.03629824241369839,-9.312298671559486,-0.09675440911064848,grdm,synthetic/rel-avito_ref35/sample112
VisitStream,IPID,4000,1,13,0,-0.06584956897961458,-0.11752502008176524,,grdm,synthetic/rel-avito_ref35/sample112
UserInfo,UserAgentOSID,2230,7,0,32,0.7281016134048256,,0.606063662193133,grdm,synthetic/rel-avito_ref35/sample112
SearchInfo,IPID,4000,2,16,16,-0.04788970348330612,-0.09865133256822523,-0.06429920528194066,grdm,synthetic/rel-avito_ref35/sample113
PhoneRequestsStream,PhoneRequestDate,1749,1,13,0,-0.07935832497593887,-0.17728180952598005,,grdm,synthetic/rel-avito_ref35/sample113
UserInfo,UserDeviceID,2752,7,0,45,-0.03976778869558384,,-0.1323578453158012,grdm,synthetic/rel-avito_ref35/sample113
UserInfo,UserDeviceID,1622,7,0,45,-0.03944261116346848,,-0.2504052401449428,grdm,synthetic/rel-avito_ref35/sample114
AdsInfo,Price,4000,2,8,42,-0.0008333253916450456,-0.0008300621432499877,-0.0008365773945873123,grdm,synthetic/rel-avito_ref35/sample114
PhoneRequestsStream,IPID,834,1,13,0,-0.057029054778163335,-0.3166292397229451,,grdm,synthetic/rel-avito_ref35/sample114
AdsInfo,Price,4000,2,8,29,-0.0015553431149830654,0.12423964251984321,-0.07045120948682748,grdm,synthetic/rel-avito_ref35/sample115
VisitStream,IPID,4000,1,13,0,-0.05267284456289634,-0.11012452425520713,,grdm,synthetic/rel-avito_ref35/sample115
SearchInfo,SearchDate,4000,2,16,16,-0.07120782749832055,-0.0940298767568637,0.03241184118274976,grdm,synthetic/rel-avito_ref35/sample115
UserInfo,UserDeviceID,2395,7,0,32,0.17018626414421922,,0.0070051450802440796,grdm,synthetic/rel-avito_ref35/sample116
UserInfo,UserAgentFamilyID,2395,7,0,32,0.7538488582526905,,0.6426665434238774,grdm,synthetic/rel-avito_ref35/sample116
Location,CityID,421,4,0,35,0.002349873413762582,,-0.0958438886153461,grdm,synthetic/rel-avito_ref35/sample116
UserInfo,UserAgentOSID,1633,7,0,32,0.7334353844098591,,0.5947813149210868,grdm,synthetic/rel-avito_ref35/sample117
UserInfo,UserAgentFamilyID,1633,7,0,32,0.6143699221709484,,0.5230467770983033,grdm,synthetic/rel-avito_ref35/sample117
Location,RegionID,302,4,0,35,0.018571385690682285,,-0.20668859272432227,grdm,synthetic/rel-avito_ref35/sample117
UserInfo,UserAgentFamilyID,2012,7,0,32,0.718296440002417,,0.5877875598910907,grdm,synthetic/rel-avito_ref35/sample118
SearchStream,SearchDate,669,2,11,0,-0.008056236980949816,0.9977229582054234,,grdm,synthetic/rel-avito_ref35/sample118
UserInfo,UserAgentID,2012,7,0,32,0.06720539323571095,,-0.12282738338935051,grdm,synthetic/rel-avito_ref35/sample118
UserInfo,UserAgentOSID,2440,7,0,45,0.7673232578320258,,0.6613641518245766,grdm,synthetic/rel-avito_ref35/sample119
Location,CityID,508,4,0,35,0.06553121961998931,,-0.15494546135514575,grdm,synthetic/rel-avito_ref35/sample119
UserInfo,UserDeviceID,2440,7,0,45,0.05122435029773298,,-0.008598793572116126,grdm,synthetic/rel-avito_ref35/sample119
UserInfo,UserDeviceID,2697,7,0,45,0.21172666730567236,,-0.13100642466032952,grdm,synthetic/rel-avito_ref35/sample12
UserInfo,UserAgentID,2697,7,0,45,0.07952929911007489,,-0.0529634041937328,grdm,synthetic/rel-avito_ref35/sample12
VisitStream,IPID,4000,1,13,0,-0.06245162234693025,-0.14933893518486907,,grdm,synthetic/rel-avito_ref35/sample12
Location,RegionID,494,4,0,35,0.005791081094898121,,-0.11195344942146557,grdm,synthetic/rel-avito_ref35/sample120
UserInfo,UserAgentFamilyID,2422,7,0,32,0.7685040197538917,,0.6554952496688052,grdm,synthetic/rel-avito_ref35/sample120
AdsInfo,Price,4000,2,8,13,-1274.889211956639,-240563.079082568,-242535.65818472594,grdm,synthetic/rel-avito_ref35/sample120
VisitStream,ViewDate,4000,1,13,0,-0.07494300135932042,-0.1299192112025156,,grdm,synthetic/rel-avito_ref35/sample121
UserInfo,UserAgentID,1753,7,0,45,0.06380720271860396,,-0.15280626956360677,grdm,synthetic/rel-avito_ref35/sample121
VisitStream,IPID,4000,1,13,0,-0.05440722943567344,-0.12963986677772565,,grdm,synthetic/rel-avito_ref35/sample121
UserInfo,UserAgentFamilyID,2453,7,0,32,0.7561233415955613,,0.6125895576935334,grdm,synthetic/rel-avito_ref35/sample122
UserInfo,UserDeviceID,2453,7,0,32,-0.11845528546559736,,-0.1515155832617756,grdm,synthetic/rel-avito_ref35/sample122
SearchInfo,IPID,4000,2,16,0,-0.058875759118838245,-0.10249271707797925,,grdm,synthetic/rel-avito_ref35/sample122
SearchStream,SearchDate,2445,2,11,0,-0.007543410801207573,0.9984976303128534,,grdm,synthetic/rel-avito_ref35/sample123
SearchInfo,SearchDate,4000,2,16,16,-0.06219186554571632,-0.1444783319376468,0.05387302375809622,grdm,synthetic/rel-avito_ref35/sample123
VisitStream,ViewDate,4000,1,13,0,-0.060866120603802365,-0.09481751496039559,,grdm,synthetic/rel-avito_ref35/sample123
UserInfo,UserAgentFamilyID,2223,7,0,45,0.7456484536716241,,0.6600827004404901,grdm,synthetic/rel-avito_ref35/sample124
Location,CityID,508,4,0,35,0.03302410064749606,,-0.3957118626515612,grdm,synthetic/rel-avito_ref35/sample124
PhoneRequestsStream,IPID,1836,1,13,0,-0.05243613541407055,-0.1661201430732555,,grdm,synthetic/rel-avito_ref35/sample124
SearchStream,SearchDate,1797,2,11,0,-0.004439468192425133,0.9980440107524021,,grdm,synthetic/rel-avito_ref35/sample125
VisitStream,IPID,4000,1,13,0,-0.07341872950653827,-0.09282347054495843,,grdm,synthetic/rel-avito_ref35/sample125
PhoneRequestsStream,IPID,2043,1,13,0,-0.059149373775089664,-0.13628732504348506,,grdm,synthetic/rel-avito_ref35/sample125
AdsInfo,Price,4000,2,8,29,-0.017210481945313383,0.15289655403256153,-0.526121608544587,grdm,synthetic/rel-avito_ref35/sample126
UserInfo,UserAgentID,2216,7,0,32,0.12974719256833367,,-0.08367151653161287,grdm,synthetic/rel-avito_ref35/sample126
SearchInfo,IPID,4000,2,16,16,-0.0740653623085683,-0.0807960807328949,-0.06621001610226585,grdm,synthetic/rel-avito_ref35/sample126
SearchInfo,SearchDate,4000,2,16,0,-0.07989569240961814,-0.1369799230689468,,grdm,synthetic/rel-avito_ref35/sample127
SearchInfo,IPID,4000,2,16,0,-0.03799388757822153,-0.10969435565401153,,grdm,synthetic/rel-avito_ref35/sample127
PhoneRequestsStream,IPID,1163,1,13,0,-0.13692891805276952,-0.25509970585978836,,grdm,synthetic/rel-avito_ref35/sample127
PhoneRequestsStream,IPID,2103,1,13,0,-0.08061153813430777,-0.21324072319075826,,grdm,synthetic/rel-avito_ref35/sample128
UserInfo,UserAgentOSID,2524,7,0,45,0.7439652603914413,,0.6268642487067573,grdm,synthetic/rel-avito_ref35/sample128
UserInfo,UserAgentFamilyID,2524,7,0,45,0.7402877986774061,,0.6150240180494259,grdm,synthetic/rel-avito_ref35/sample128
VisitStream,IPID,4000,1,13,0,-0.05152067153961859,-0.10272945915520326,,grdm,synthetic/rel-avito_ref35/sample129
PhoneRequestsStream,PhoneRequestDate,1074,1,13,0,-0.06395452756223952,-0.25457306267818924,,grdm,synthetic/rel-avito_ref35/sample129
VisitStream,ViewDate,4000,1,13,0,-0.02922341310530885,-0.15818455803535403,,grdm,synthetic/rel-avito_ref35/sample129
PhoneRequestsStream,IPID,1839,1,13,0,-0.10864350808987489,-0.24978429359749987,,grdm,synthetic/rel-avito_ref35/sample13
UserInfo,UserAgentFamilyID,2394,7,0,45,0.6881794737842031,,0.6219217330420057,grdm,synthetic/rel-avito_ref35/sample13
SearchInfo,SearchDate,4000,2,16,16,-0.07643992440681258,-0.13803997749583408,0.05627198746916584,grdm,synthetic/rel-avito_ref35/sample13
PhoneRequestsStream,IPID,1860,1,13,0,-0.10347262713414263,-0.2419776450733646,,grdm,synthetic/rel-avito_ref35/sample130
AdsInfo,Price,4000,2,8,26,-0.00044387281058511086,0.009469975837604117,-0.004934632405173556,grdm,synthetic/rel-avito_ref35/sample130
Location,CityID,578,4,0,35,0.00834720056550875,,-0.21462034904891314,grdm,synthetic/rel-avito_ref35/sample130
SearchInfo,SearchDate,4000,2,16,16,-0.031220968979360997,-0.10075901449932934,0.08221019140366159,grdm,synthetic/rel-avito_ref35/sample131
Location,RegionID,495,4,0,35,0.015767691220204716,,-0.20903336792664318,grdm,synthetic/rel-avito_ref35/sample131
VisitStream,ViewDate,4000,1,13,0,-0.03487289216195877,-0.15474377565027497,,grdm,synthetic/rel-avito_ref35/sample131
UserInfo,UserAgentOSID,2162,7,0,45,0.7273335318081855,,0.6608411999412614,grdm,synthetic/rel-avito_ref35/sample132
UserInfo,UserAgentID,2162,7,0,45,0.09650871825620277,,-0.0658212303438046,grdm,synthetic/rel-avito_ref35/sample132
UserInfo,UserDeviceID,2162,7,0,45,0.13178104555180992,,0.027177291062483344,grdm,synthetic/rel-avito_ref35/sample132
UserInfo,UserAgentOSID,2519,7,0,45,0.8541292897673342,,0.7937283095342571,grdm,synthetic/rel-avito_ref35/sample133
VisitStream,IPID,4000,1,13,0,-0.06269089407191286,-0.12681822527374398,,grdm,synthetic/rel-avito_ref35/sample133
UserInfo,UserAgentFamilyID,2519,7,0,45,0.7599442726642655,,0.6397272665075404,grdm,synthetic/rel-avito_ref35/sample133
