model,block,stream,head,deviation_l2
grdm,0,col,0,0.5423954331355203
grdm,0,col,1,0.48472153280985514
grdm,0,col,2,0.5341283853782035
grdm,0,col,3,0.6212110888405336
grdm,0,col,4,0.5141176023199154
grdm,0,col,5,0.6111556989139983
grdm,0,col,6,0.5865141224764537
grdm,0,col,7,0.5212034154390778
grdm,0,feat,0,0.5545302087446741
grdm,0,feat,1,0.5234097039258335
grdm,0,feat,2,0.6213882815569035
grdm,0,feat,3,0.8689047847050161
grdm,0,feat,4,0.7048744213844653
grdm,0,feat,5,0.4954074407616263
grdm,0,feat,6,0.6377822676487944
grdm,0,feat,7,0.816181754315997
grdm,0,nbr,0,0.6234199309920967
grdm,0,nbr,1,0.7728238175747725
grdm,0,nbr,2,0.6685594991499109
grdm,0,nbr,3,0.6170334774690995
grdm,0,nbr,4,0.846480448422833
grdm,0,nbr,5,0.635250903744826
grdm,0,nbr,6,0.7834891465292847
grdm,0,nbr,7,0.6476006767026945
grdm,1,col,0,0.5937628179973545
grdm,1,col,1,0.5201819296124615
grdm,1,col,2,0.5891035753697219
grdm,1,col,3,0.7417278347057709
grdm,1,col,4,0.5803120298851052
grdm,1,col,5,0.6146152741946859
grdm,1,col,6,0.5743697383139426
grdm,1,col,7,0.48374670179731133
grdm,1,feat,0,0.6143495251670198
grdm,1,feat,1,0.6213183776549441
grdm,1,feat,2,0.7066174318293628
grdm,1,feat,3,0.5565828628017115
grdm,1,feat,4,0.6584633360964184
grdm,1,feat,5,0.6948520925564456
grdm,1,feat,6,0.5954925978066006
grdm,1,feat,7,0.6733914383892339
grdm,1,nbr,0,0.6367982920009744
grdm,1,nbr,1,0.7059263901598304
grdm,1,nbr,2,0.5375658627012271
grdm,1,nbr,3,0.6360216068726403
grdm,1,nbr,4,0.6436072344014488
grdm,1,nbr,5,0.664197391946434
grdm,1,nbr,6,0.6370566588951463
grdm,1,nbr,7,0.581811431363561
grdm,2,col,0,0.5797659711601562
grdm,2,col,1,0.5588486330025613
grdm,2,col,2,0.6103715633929938
grdm,2,col,3,0.5702257384317653
grdm,2,col,4,0.5926766292951258
grdm,2,col,5,0.6440454964519465
grdm,2,col,6,0.598450671890158
grdm,2,col,7,0.5907459495973021
grdm,2,feat,0,0.8087745961837183
grdm,2,feat,1,0.574861001883185
grdm,2,feat,2,0.5937552734191013
grdm,2,feat,3,0.6802804706132161
grdm,2,feat,4,0.6333745885470861
grdm,2,feat,5,0.5959857645378879
grdm,2,feat,6,0.7223541092093706
grdm,2,feat,7,0.6052839273957505
grdm,2,nbr,0,0.6413530335786257
grdm,2,nbr,1,0.626561618980302
grdm,2,nbr,2,0.5874042431680946
grdm,2,nbr,3,0.6822227353420858
grdm,2,nbr,4,0.5229733993111615
grdm,2,nbr,5,0.568848327505346
grdm,2,nbr,6,0.7113568646335164
grdm,2,nbr,7,0.5859230452979836
grdm,3,col,0,0.5963132547868143
grdm,3,col,1,0.5455113780625263
grdm,3,col,2,0.6747132196555312
grdm,3,col,3,0.6560901804865747
grdm,3,col,4,0.540439657182073
grdm,3,col,5,0.6426715029319184
grdm,3,col,6,0.5151405732069401
grdm,3,col,7,0.6313169550087518
grdm,3,feat,0,0.6894835095288737
grdm,3,feat,1,0.6873241356767263
grdm,3,feat,2,0.6129228583442813
grdm,3,feat,3,0.9852765624706041
grdm,3,feat,4,0.5789833494987254
grdm,3,feat,5,0.7998708527599518
grdm,3,feat,6,1.243950845805203
grdm,3,feat,7,1.358603861652144
grdm,3,nbr,0,0.6263050669455623
grdm,3,nbr,1,0.7335299997386907
grdm,3,nbr,2,0.7356237766341585
grdm,3,nbr,3,0.5205523452173657
grdm,3,nbr,4,0.7029895678530607
grdm,3,nbr,5,0.6252155170792766
grdm,3,nbr,6,0.713927810432711
grdm,3,nbr,7,0.5735985624578567
grdm,4,col,0,0.5698435697563102
grdm,4,col,1,0.5480472534787427
grdm,4,col,2,0.6152273843761683
grdm,4,col,3,0.5526522349599214
grdm,4,col,4,0.6088445445416153
grdm,4,col,5,0.6042368015052074
grdm,4,col,6,0.5925235032850273
grdm,4,col,7,0.6489283272468676
grdm,4,feat,0,0.6172891907272697
grdm,4,feat,1,0.7870844134213448
grdm,4,feat,2,0.6239400160164722
grdm,4,feat,3,0.5401557637610549
grdm,4,feat,4,0.8993647268807378
grdm,4,feat,5,0.9145324061595153
grdm,4,feat,6,1.026709807000974
grdm,4,feat,7,0.7533467791306485
grdm,4,nbr,0,0.588323430655321
grdm,4,nbr,1,0.5007529140614733
grdm,4,nbr,2,0.5726350903342333
grdm,4,nbr,3,0.5909819452808533
grdm,4,nbr,4,0.4722781383191288
grdm,4,nbr,5,0.5619191674354285
grdm,4,nbr,6,0.6339414087239154
grdm,4,nbr,7,0.49434701657700525
grdm,5,col,0,0.5732878515716513
grdm,5,col,1,0.558296020898547
grdm,5,col,2,0.5846133019074439
grdm,5,col,3,0.5285500398921654
grdm,5,col,4,0.5252201945467206
grdm,5,col,5,0.5451432260481157
grdm,5,col,6,0.5524791930507564
grdm,5,col,7,0.6193119858868497
grdm,5,feat,0,0.7469831029316317
grdm,5,feat,1,0.8105002975869265
grdm,5,feat,2,0.643474345192105
grdm,5,feat,3,0.7424118681623341
grdm,5,feat,4,0.7043239014952071
grdm,5,feat,5,0.7843144112245342
grdm,5,feat,6,0.6260833411116667
grdm,5,feat,7,0.8228058207175969
grdm,5,nbr,0,0.5635063751902175
grdm,5,nbr,1,0.48732371283566045
grdm,5,nbr,2,0.5982475332207482
grdm,5,nbr,3,0.5221246118133122
grdm,5,nbr,4,0.5611128392234898
grdm,5,nbr,5,0.5202244815896794
grdm,5,nbr,6,0.5430062267350838
grdm,5,nbr,7,0.5433929127915594
grdm,6,col,0,0.4946478287446747
grdm,6,col,1,0.5900418630948316
grdm,6,col,2,0.5936256736541495
grdm,6,col,3,0.6395151450783015
grdm,6,col,4,0.6841016925869802
grdm,6,col,5,0.655485931712353
grdm,6,col,6,0.5282946948823062
grdm,6,col,7,0.6444721397113207
grdm,6,feat,0,0.9119536207634513
grdm,6,feat,1,0.9559403059806931
grdm,6,feat,2,0.6105316659322906
grdm,6,feat,3,0.7469725900201897
grdm,6,feat,4,0.7220549427281853
grdm,6,feat,5,0.7032442654019215
grdm,6,feat,6,0.7987992344414319
grdm,6,feat,7,0.7025119360532524
grdm,6,nbr,0,0.46259609139201724
grdm,6,nbr,1,0.49993047007274904
grdm,6,nbr,2,0.5727351641698314
grdm,6,nbr,3,0.6069984524137998
grdm,6,nbr,4,0.5029699272427584
grdm,6,nbr,5,0.6330033650252315
grdm,6,nbr,6,0.6154658502760769
grdm,6,nbr,7,0.4532428805986974
grdm,7,col,0,0.569045979387271
grdm,7,col,1,0.5867355157612969
grdm,7,col,2,0.5563780851447865
grdm,7,col,3,0.6630466488868937
grdm,7,col,4,0.5097322672310494
grdm,7,col,5,0.5804826501180625
grdm,7,col,6,0.5623315618571578
grdm,7,col,7,0.5480615074178308
grdm,7,feat,0,0.8276049987655948
grdm,7,feat,1,0.48985577208080516
grdm,7,feat,2,0.572255486017706
grdm,7,feat,3,0.5538144359707614
grdm,7,feat,4,0.5809444579384424
grdm,7,feat,5,0.8667153112502486
grdm,7,feat,6,0.5786759644368111
grdm,7,feat,7,0.8599160615231168
grdm,7,nbr,0,0.495871186080432
grdm,7,nbr,1,0.4648286372220432
grdm,7,nbr,2,0.5032466981883018
grdm,7,nbr,3,0.6249444400410776
grdm,7,nbr,4,0.4972765650148856
grdm,7,nbr,5,0.5483517768628027
grdm,7,nbr,6,0.5515128917105984
grdm,7,nbr,7,0.6145318637459777
grdm,8,col,0,0.7370768580317154
grdm,8,col,1,0.6417398753658545
grdm,8,col,2,0.652833971407282
grdm,8,col,3,0.763263930023691
grdm,8,col,4,0.6619576840225129
grdm,8,col,5,0.5960685453423346
grdm,8,col,6,0.589820065559679
grdm,8,col,7,0.5814241789237314
grdm,8,feat,0,0.639645208103094
grdm,8,feat,1,0.7316539451580089
grdm,8,feat,2,1.1015874981580094
grdm,8,feat,3,0.6552324495415752
grdm,8,feat,4,0.8111707515464454
grdm,8,feat,5,0.6513421169643596
grdm,8,feat,6,0.5280123110748377
grdm,8,feat,7,1.009061708193055
grdm,8,nbr,0,0.5008526754846057
grdm,8,nbr,1,0.48103541979534115
grdm,8,nbr,2,0.544809360578471
grdm,8,nbr,3,0.7169236569969941
grdm,8,nbr,4,0.424582254338539
grdm,8,nbr,5,0.46209153683463217
grdm,8,nbr,6,0.6610968705385185
grdm,8,nbr,7,0.5744912415725765
grdm,9,col,0,0.6557005699659709
grdm,9,col,1,0.5642541613911265
grdm,9,col,2,0.7803617148181247
grdm,9,col,3,0.7024873703367724
grdm,9,col,4,0.6828018369867789
grdm,9,col,5,0.6484208909171143
grdm,9,col,6,0.6204693312535365
grdm,9,col,7,0.8373715853811533
grdm,9,feat,0,0.5857919035263564
grdm,9,feat,1,0.6438363027822828
grdm,9,feat,2,0.692252433348953
grdm,9,feat,3,0.708117085936177
grdm,9,feat,4,0.484254910595061
grdm,9,feat,5,0.8783121389831983
grdm,9,feat,6,0.9885642509707825
grdm,9,feat,7,0.7015002446068835
grdm,9,nbr,0,0.5538498941276682
grdm,9,nbr,1,0.5590252726699809
grdm,9,nbr,2,0.5003339389911036
grdm,9,nbr,3,0.43268012327427086
grdm,9,nbr,4,0.42892364100164626
grdm,9,nbr,5,0.5510774181380578
grdm,9,nbr,6,0.5912974425066846
grdm,9,nbr,7,0.5242749070391337
grdm,10,col,0,0.5457877898295397
grdm,10,col,1,0.6117102218023712
grdm,10,col,2,0.689230953329909
grdm,10,col,3,0.5967812178618189
grdm,10,col,4,0.6861195848309998
grdm,10,col,5,0.7408311697749873
grdm,10,col,6,0.6709617129586635
grdm,10,col,7,0.6790292199402184
grdm,10,feat,0,0.8708347482913141
grdm,10,feat,1,0.6717443616411805
grdm,10,feat,2,0.5967752782791842
grdm,10,feat,3,0.741847683259823
grdm,10,feat,4,0.5189213794247469
grdm,10,feat,5,0.7294699270996119
grdm,10,feat,6,0.8477021547711717
grdm,10,feat,7,0.6793747105461845
grdm,10,nbr,0,0.47263813378160724
grdm,10,nbr,1,0.4319069071216082
grdm,10,nbr,2,0.40531786939348224
grdm,10,nbr,3,0.5079338863985188
grdm,10,nbr,4,0.3658299129670331
grdm,10,nbr,5,0.36984556492600695
grdm,10,nbr,6,0.5321164253438759
grdm,10,nbr,7,0.4967781343598146
grdm,11,col,0,0.7554744410571684
grdm,11,col,1,0.794495998058149
grdm,11,col,2,0.817224888374784
grdm,11,col,3,0.758547566497976
grdm,11,col,4,0.6945384812595423
grdm,11,col,5,0.7365835237638392
grdm,11,col,6,0.7263106760852807
grdm,11,col,7,0.7924959765296029
grdm,11,feat,0,0.639122899938931
grdm,11,feat,1,0.6652317580184488
grdm,11,feat,2,0.6211915389038194
grdm,11,feat,3,0.6991106461225086
grdm,11,feat,4,0.5872385774985847
grdm,11,feat,5,0.7162217631690878
grdm,11,feat,6,0.6825264527972423
grdm,11,feat,7,0.6431966315212402
grdm,11,nbr,0,0.4603879367990046
grdm,11,nbr,1,0.4272404959175693
grdm,11,nbr,2,0.33771775349261457
grdm,11,nbr,3,0.34945938686369565
grdm,11,nbr,4,0.4379097284408759
grdm,11,nbr,5,0.3830008675871079
grdm,11,nbr,6,0.38028961014020024
grdm,11,nbr,7,0.4395949728175819
plurel,0,col,0,0.5208533233541633
plurel,0,col,1,0.484003178105777
plurel,0,col,2,0.5330299054155859
plurel,0,col,3,0.5036534555036588
plurel,0,col,4,0.5290113854544145
plurel,0,col,5,0.5989364675317699
plurel,0,col,6,0.5194806454328111
plurel,0,col,7,0.5698796092539595
plurel,0,feat,0,0.5602225119478865
plurel,0,feat,1,0.379780488342335
plurel,0,feat,2,0.391974328816975
plurel,0,feat,3,0.6645427986467202
plurel,0,feat,4,0.8098755733781172
plurel,0,feat,5,0.4842898424723785
plurel,0,feat,6,0.36594525936135525
plurel,0,feat,7,0.5487261741946713
plurel,0,nbr,0,0.5510985495323443
plurel,0,nbr,1,0.4828978441479799
plurel,0,nbr,2,0.4834427283447567
plurel,0,nbr,3,0.49959657084481796
plurel,0,nbr,4,0.4834230667159245
plurel,0,nbr,5,0.4750563475164378
plurel,0,nbr,6,0.5152564067916547
plurel,0,nbr,7,0.6631486523146584
plurel,1,col,0,0.5382948156731931
plurel,1,col,1,0.5638350597513825
plurel,1,col,2,0.6223651780010239
plurel,1,col,3,0.5505397872690511
plurel,1,col,4,0.6321221813148867
plurel,1,col,5,0.5853758822490862
plurel,1,col,6,0.6038626379967782
plurel,1,col,7,0.4132223693064861
plurel,1,feat,0,0.5939788722323118
plurel,1,feat,1,0.4965915172649859
plurel,1,feat,2,0.5226934111859697
plurel,1,feat,3,0.44245258101133406
plurel,1,feat,4,0.4902183864463518
plurel,1,feat,5,0.4635206353492056
plurel,1,feat,6,0.5429253938229179
plurel,1,feat,7,0.6124055283539227
plurel,1,nbr,0,0.4524575488913675
plurel,1,nbr,1,0.48211449703375703
plurel,1,nbr,2,0.42420945394457465
plurel,1,nbr,3,0.48610498678989206
plurel,1,nbr,4,0.4521480935179883
plurel,1,nbr,5,0.42388753870083373
plurel,1,nbr,6,0.44816086224583973
plurel,1,nbr,7,0.4311756546786572
plurel,2,col,0,0.6274803698720702
plurel,2,col,1,0.41253174701175555
plurel,2,col,2,0.5457552362052992
plurel,2,col,3,0.49511618868032975
plurel,2,col,4,0.5759544770620318
plurel,2,col,5,0.4707556137324065
plurel,2,col,6,0.509249023498597
plurel,2,col,7,0.5998799710617242
plurel,2,feat,0,0.7141434778002739
plurel,2,feat,1,0.42109515158043137
plurel,2,feat,2,0.35767583735914515
plurel,2,feat,3,0.5020340101033811
plurel,2,feat,4,0.4418238799377587
plurel,2,feat,5,0.45936292702192233
plurel,2,feat,6,0.4440663263819143
plurel,2,feat,7,0.5463732358958125
plurel,2,nbr,0,0.46235542099568455
plurel,2,nbr,1,0.48592599459578384
plurel,2,nbr,2,0.4059481943988864
plurel,2,nbr,3,0.4400524227960341
plurel,2,nbr,4,0.39217174429989915
plurel,2,nbr,5,0.39010497526238663
plurel,2,nbr,6,0.4294390458610903
plurel,2,nbr,7,0.4003411122853725
plurel,3,col,0,0.4639710842026833
plurel,3,col,1,0.444811277483924
plurel,3,col,2,0.517267067124673
plurel,3,col,3,0.5845463307155268
plurel,3,col,4,0.5205343357793292
plurel,3,col,5,0.5276084977079208
plurel,3,col,6,0.44058359971243427
plurel,3,col,7,0.5231138588175843
plurel,3,feat,0,0.41118381392309233
plurel,3,feat,1,0.47816444862224855
plurel,3,feat,2,0.46932677110411375
plurel,3,feat,3,0.6146120799475343
plurel,3,feat,4,0.5070199687449227
plurel,3,feat,5,0.47909098503482406
plurel,3,feat,6,0.5392044612988786
plurel,3,feat,7,0.6041289302671246
plurel,3,nbr,0,0.44592671323493543
plurel,3,nbr,1,0.43891439901197016
plurel,3,nbr,2,0.4499718986783621
plurel,3,nbr,3,0.4066607503280672
plurel,3,nbr,4,0.4008934376135443
plurel,3,nbr,5,0.41487322467327564
plurel,3,nbr,6,0.4342066132282736
plurel,3,nbr,7,0.37703865691765276
plurel,4,col,0,0.45146892313895476
plurel,4,col,1,0.5117642113096521
plurel,4,col,2,0.42042039953993604
plurel,4,col,3,0.4895962916766169
plurel,4,col,4,0.5024481421668806
plurel,4,col,5,0.467407644993457
plurel,4,col,6,0.5974213802489742
plurel,4,col,7,0.4581113222521165
plurel,4,feat,0,0.41921964524436905
plurel,4,feat,1,0.49247474084624904
plurel,4,feat,2,0.408258238179318
plurel,4,feat,3,0.36775876814667185
plurel,4,feat,4,0.4509171245588694
plurel,4,feat,5,0.5381859099743734
plurel,4,feat,6,0.5000286392116101
plurel,4,feat,7,0.6376620075122005
plurel,4,nbr,0,0.38046362440663317
plurel,4,nbr,1,0.3754862746841133
plurel,4,nbr,2,0.39763169287754363
plurel,4,nbr,3,0.37227789027051644
plurel,4,nbr,4,0.32731200726632076
plurel,4,nbr,5,0.3770362238629008
plurel,4,nbr,6,0.42106540802181747
plurel,4,nbr,7,0.34773972666369063
plurel,5,col,0,0.5020530727343826
plurel,5,col,1,0.46599527388115686
plurel,5,col,2,0.5113414928038165
plurel,5,col,3,0.45014492216293284
plurel,5,col,4,0.4331492323413254
plurel,5,col,5,0.4257700026190257
plurel,5,col,6,0.4467233406323368
plurel,5,col,7,0.556445740163685
plurel,5,feat,0,0.43424733193115383
plurel,5,feat,1,0.3991730039518401
plurel,5,feat,2,0.417235435275065
plurel,5,feat,3,0.47263471893262016
plurel,5,feat,4,0.40467548610278403
plurel,5,feat,5,0.5161502684130955
plurel,5,feat,6,0.4214607916271732
plurel,5,feat,7,0.38322016846282997
plurel,5,nbr,0,0.39303341128787894
plurel,5,nbr,1,0.37638946253489236
plurel,5,nbr,2,0.3935683179440162
plurel,5,nbr,3,0.3691068790289876
plurel,5,nbr,4,0.42917785547965565
plurel,5,nbr,5,0.3589276219109208
plurel,5,nbr,6,0.3903793993380442
plurel,5,nbr,7,0.4062747649750685
plurel,6,col,0,0.42720070080079614
plurel,6,col,1,0.5583647228442287
plurel,6,col,2,0.532676329999367
plurel,6,col,3,0.5563824473171652
plurel,6,col,4,0.5080717397093196
plurel,6,col,5,0.5560898029774689
plurel,6,col,6,0.42685621947059077
plurel,6,col,7,0.5319632395016505
plurel,6,feat,0,0.6906259034008487
plurel,6,feat,1,0.4665814365439222
plurel,6,feat,2,0.45919219445801046
plurel,6,feat,3,0.4181711272917281
plurel,6,feat,4,0.5693773513048198
plurel,6,feat,5,0.47615599883527865
plurel,6,feat,6,0.4715326625018592
plurel,6,feat,7,0.3884135231089361
plurel,6,nbr,0,0.31377685430287844
plurel,6,nbr,1,0.33450265179086897
plurel,6,nbr,2,0.48047195410241605
plurel,6,nbr,3,0.3832280108141579
plurel,6,nbr,4,0.3997718658727984
plurel,6,nbr,5,0.3895541939976811
plurel,6,nbr,6,0.38704539000207927
plurel,6,nbr,7,0.36436793373234505
plurel,7,col,0,0.4626201108798093
plurel,7,col,1,0.47476964567828694
plurel,7,col,2,0.46342581781825626
plurel,7,col,3,0.5422270326191189
plurel,7,col,4,0.41692239369342726
plurel,7,col,5,0.4841641151598453
plurel,7,col,6,0.4467569815576338
plurel,7,col,7,0.47987059056357056
plurel,7,feat,0,0.46682105739953444
plurel,7,feat,1,0.3156477584754142
plurel,7,feat,2,0.3747614012069247
plurel,7,feat,3,0.34303286372435315
plurel,7,feat,4,0.4191651778837742
plurel,7,feat,5,0.4708568136108516
plurel,7,feat,6,0.3656918547103226
plurel,7,feat,7,0.4947999543616899
plurel,7,nbr,0,0.38292982045597146
plurel,7,nbr,1,0.30952559036778676
plurel,7,nbr,2,0.36875602577830324
plurel,7,nbr,3,0.3814032974386737
plurel,7,nbr,4,0.34851900481736076
plurel,7,nbr,5,0.38515873979765763
plurel,7,nbr,6,0.3970728814548114
plurel,7,nbr,7,0.45303455634027945
plurel,8,col,0,0.5695477642862291
plurel,8,col,1,0.52439141890586
plurel,8,col,2,0.5397202221388334
plurel,8,col,3,0.6108882406137326
plurel,8,col,4,0.5256488087678897
plurel,8,col,5,0.5241589236338249
plurel,8,col,6,0.5150102885066927
plurel,8,col,7,0.4681398752303985
plurel,8,feat,0,0.4209592292943126
plurel,8,feat,1,0.4432883352762897
plurel,8,feat,2,0.46393974941303956
plurel,8,feat,3,0.4702544468000711
plurel,8,feat,4,0.4943075614269629
plurel,8,feat,5,0.43422702560417953
plurel,8,feat,6,0.39746564960732644
plurel,8,feat,7,0.5402699334005653
plurel,8,nbr,0,0.3218384396751747
plurel,8,nbr,1,0.32983449827164063
plurel,8,nbr,2,0.3219162738017262
plurel,8,nbr,3,0.373193177898582
plurel,8,nbr,4,0.297029868939925
plurel,8,nbr,5,0.36095138317713515
plurel,8,nbr,6,0.41994787180072113
plurel,8,nbr,7,0.37744035017450595
plurel,9,col,0,0.5290471135198668
plurel,9,col,1,0.4932910264755869
plurel,9,col,2,0.5601275267745142
plurel,9,col,3,0.5597540485518704
plurel,9,col,4,0.5016692412661894
plurel,9,col,5,0.5092583211123932
plurel,9,col,6,0.4852548230355044
plurel,9,col,7,0.5393522596427823
plurel,9,feat,0,0.4166713078558244
plurel,9,feat,1,0.408156771058516
plurel,9,feat,2,0.446068030783407
plurel,9,feat,3,0.40904827784592024
plurel,9,feat,4,0.3248925704334585
plurel,9,feat,5,0.47246092709197923
plurel,9,feat,6,0.5374136080454714
plurel,9,feat,7,0.4268151447708843
plurel,9,nbr,0,0.32903170197881815
plurel,9,nbr,1,0.37802562186012334
plurel,9,nbr,2,0.38250517186395794
plurel,9,nbr,3,0.30894341155077615
plurel,9,nbr,4,0.33058347615692957
plurel,9,nbr,5,0.4287804588482666
plurel,9,nbr,6,0.334395154619658
plurel,9,nbr,7,0.34309824202123157
plurel,10,col,0,0.5117680038160664
plurel,10,col,1,0.4985681760129398
plurel,10,col,2,0.5487695540537348
plurel,10,col,3,0.4814342861189594
plurel,10,col,4,0.5286593028327264
plurel,10,col,5,0.5618220886813058
plurel,10,col,6,0.5388788587710325
plurel,10,col,7,0.5328760436417169
plurel,10,feat,0,0.4756627148138219
plurel,10,feat,1,0.48651271595391316
plurel,10,feat,2,0.3742317884320047
plurel,10,feat,3,0.4129855347309987
plurel,10,feat,4,0.3448046063701482
plurel,10,feat,5,0.41927768620721245
plurel,10,feat,6,0.5204823006395102
plurel,10,feat,7,0.47808848799498865
plurel,10,nbr,0,0.3400727218673682
plurel,10,nbr,1,0.3551270760680612
plurel,10,nbr,2,0.30493370067673287
plurel,10,nbr,3,0.3616770193980266
plurel,10,nbr,4,0.27776923919839624
plurel,10,nbr,5,0.25190762175472925
plurel,10,nbr,6,0.30455595930584634
plurel,10,nbr,7,0.35742293811077164
plurel,11,col,0,0.5401292039303279
plurel,11,col,1,0.6284960421871549
plurel,11,col,2,0.5973820181853623
plurel,11,col,3,0.5972381232437228
plurel,11,col,4,0.6075858572494494
plurel,11,col,5,0.5634127403887086
plurel,11,col,6,0.563951378203312
plurel,11,col,7,0.6530444756062314
plurel,11,feat,0,0.4182864033791619
plurel,11,feat,1,0.46553585476034165
plurel,11,feat,2,0.4954487181577636
plurel,11,feat,3,0.45308622654733716
plurel,11,feat,4,0.4142723856102274
plurel,11,feat,5,0.4276446461732234
plurel,11,feat,6,0.4577487302248983
plurel,11,feat,7,0.5287986500827513
plurel,11,nbr,0,0.3417860601621551
plurel,11,nbr,1,0.2921343588060357
plurel,11,nbr,2,0.4035287900145283
plurel,11,nbr,3,0.32478423957436126
plurel,11,nbr,4,0.33202274816511473
plurel,11,nbr,5,0.3511508757154617
plurel,11,nbr,6,0.38369590172157236
plurel,11,nbr,7,0.37065232776032864
rdbpfn,0,col,0,0.5244361688085324
rdbpfn,0,col,1,0.5050892435547939
rdbpfn,0,col,2,0.6376791713944273
rdbpfn,0,col,3,0.6120228795746937
rdbpfn,0,col,4,0.5832621628197833
rdbpfn,0,col,5,0.6614784424771337
rdbpfn,0,col,6,0.6743647138900024
rdbpfn,0,col,7,0.5072052919953727
rdbpfn,0,feat,0,0.41580662828024073
rdbpfn,0,feat,1,0.42164853428392846
rdbpfn,0,feat,2,0.45312017816411565
rdbpfn,0,feat,3,0.4549098215237447
rdbpfn,0,feat,4,0.5116221613398636
rdbpfn,0,feat,5,0.3576648751198353
rdbpfn,0,feat,6,0.37021609220342055
rdbpfn,0,feat,7,0.41254331693648955
rdbpfn,0,nbr,0,0.432642232027892
rdbpfn,0,nbr,1,0.49882463052193277
rdbpfn,0,nbr,2,0.5032837001405733
rdbpfn,0,nbr,3,0.4647430703581219
rdbpfn,0,nbr,4,0.45499939503537823
rdbpfn,0,nbr,5,0.46673985057138695
rdbpfn,0,nbr,6,0.5138078299341373
rdbpfn,0,nbr,7,0.462092760211408
rdbpfn,1,col,0,0.5906756515582001
rdbpfn,1,col,1,0.5794345869514285
rdbpfn,1,col,2,0.6755205324025735
rdbpfn,1,col,3,0.6917419884618956
rdbpfn,1,col,4,0.6599650472900818
rdbpfn,1,col,5,0.5842043149903811
rdbpfn,1,col,6,0.6488186193064984
rdbpfn,1,col,7,0.43920585033237936
rdbpfn,1,feat,0,0.5223215327157975
rdbpfn,1,feat,1,0.37600982568415076
rdbpfn,1,feat,2,0.4191535374446925
rdbpfn,1,feat,3,0.39235232155467176
rdbpfn,1,feat,4,0.4329309746340113
rdbpfn,1,feat,5,0.4628602834809228
rdbpfn,1,feat,6,0.4723586848210617
rdbpfn,1,feat,7,0.6498727025037107
rdbpfn,1,nbr,0,0.4452150723472857
rdbpfn,1,nbr,1,0.48749557227178025
rdbpfn,1,nbr,2,0.40033051341933623
rdbpfn,1,nbr,3,0.424188647334974
rdbpfn,1,nbr,4,0.4077497592983202
rdbpfn,1,nbr,5,0.3980779661889569
rdbpfn,1,nbr,6,0.3837250906163098
rdbpfn,1,nbr,7,0.4121911794817826
rdbpfn,2,col,0,0.5548258864014831
rdbpfn,2,col,1,0.48188375275204226
rdbpfn,2,col,2,0.6702502810894876
rdbpfn,2,col,3,0.5117063539037316
rdbpfn,2,col,4,0.6165178474724397
rdbpfn,2,col,5,0.6079483939404925
rdbpfn,2,col,6,0.5177654916879577
rdbpfn,2,col,7,0.5402322978754169
rdbpfn,2,feat,0,0.48529217201235364
rdbpfn,2,feat,1,0.36842473310897855
rdbpfn,2,feat,2,0.35162613080945054
rdbpfn,2,feat,3,0.4415601719385209
rdbpfn,2,feat,4,0.4131221259387947
rdbpfn,2,feat,5,0.3636673495772194
rdbpfn,2,feat,6,0.40063451689085366
rdbpfn,2,feat,7,0.41407260792468586
rdbpfn,2,nbr,0,0.42618626833350476
rdbpfn,2,nbr,1,0.42355387687869395
rdbpfn,2,nbr,2,0.3714021956864836
rdbpfn,2,nbr,3,0.4195716129009714
rdbpfn,2,nbr,4,0.3841663234153022
rdbpfn,2,nbr,5,0.37157027116931163
rdbpfn,2,nbr,6,0.4057934492720924
rdbpfn,2,nbr,7,0.368341011305638
rdbpfn,3,col,0,0.47655043039515593
rdbpfn,3,col,1,0.5463035953213009
rdbpfn,3,col,2,0.6054402375429604
rdbpfn,3,col,3,0.7370131440412347
rdbpfn,3,col,4,0.514082512422508
rdbpfn,3,col,5,0.5874507230906453
rdbpfn,3,col,6,0.47164503211110315
rdbpfn,3,col,7,0.6084974462487696
rdbpfn,3,feat,0,0.3986876020669096
rdbpfn,3,feat,1,0.39314528911736796
rdbpfn,3,feat,2,0.37191804638726067
rdbpfn,3,feat,3,0.5789353468245526
rdbpfn,3,feat,4,0.42149364710482584
rdbpfn,3,feat,5,0.45496093075951144
rdbpfn,3,feat,6,0.5377529173013287
rdbpfn,3,feat,7,0.5452318232955288
rdbpfn,3,nbr,0,0.38998250813948465
rdbpfn,3,nbr,1,0.45258620719995796
rdbpfn,3,nbr,2,0.4146478896422682
rdbpfn,3,nbr,3,0.4025170360463599
rdbpfn,3,nbr,4,0.36152034234731867
rdbpfn,3,nbr,5,0.4044003193046562
rdbpfn,3,nbr,6,0.411078617121172
rdbpfn,3,nbr,7,0.36883931250271496
rdbpfn,4,col,0,0.5303700747170209
rdbpfn,4,col,1,0.5697462916104967
rdbpfn,4,col,2,0.5394645483919223
rdbpfn,4,col,3,0.4598679013120427
rdbpfn,4,col,4,0.5418431601250259
rdbpfn,4,col,5,0.5741393121929371
rdbpfn,4,col,6,0.6466542421275758
rdbpfn,4,col,7,0.4467247311824468
rdbpfn,4,feat,0,0.4472432172567738
rdbpfn,4,feat,1,0.4123991245954407
rdbpfn,4,feat,2,0.42997004366159614
rdbpfn,4,feat,3,0.36332517276339305
rdbpfn,4,feat,4,0.4758874810610913
rdbpfn,4,feat,5,0.5558700749485981
rdbpfn,4,feat,6,0.4426562851341279
rdbpfn,4,feat,7,0.4986403332840512
rdbpfn,4,nbr,0,0.39247653367878677
rdbpfn,4,nbr,1,0.3577271158673602
rdbpfn,4,nbr,2,0.4036818239615034
rdbpfn,4,nbr,3,0.3979379617233917
rdbpfn,4,nbr,4,0.3147640379389682
rdbpfn,4,nbr,5,0.38149960088099655
rdbpfn,4,nbr,6,0.54925964740403
rdbpfn,4,nbr,7,0.3223396823060578
rdbpfn,5,col,0,0.494581707945978
rdbpfn,5,col,1,0.5271556872123397
rdbpfn,5,col,2,0.4735838461664409
rdbpfn,5,col,3,0.468858346735764
rdbpfn,5,col,4,0.5495438236384942
rdbpfn,5,col,5,0.468711525609655
rdbpfn,5,col,6,0.49741066333039674
rdbpfn,5,col,7,0.6127281352241855
rdbpfn,5,feat,0,0.466579753865863
rdbpfn,5,feat,1,0.37687335380903203
rdbpfn,5,feat,2,0.354227145608317
rdbpfn,5,feat,3,0.4639544635784614
rdbpfn,5,feat,4,0.376545455851588
rdbpfn,5,feat,5,0.48455760190346325
rdbpfn,5,feat,6,0.3366484576403191
rdbpfn,5,feat,7,0.369341921543521
rdbpfn,5,nbr,0,0.4654212017622429
rdbpfn,5,nbr,1,0.3687140836236941
rdbpfn,5,nbr,2,0.36728078083413107
rdbpfn,5,nbr,3,0.324900203980995
rdbpfn,5,nbr,4,0.4272738093514582
rdbpfn,5,nbr,5,0.3380846613039538
rdbpfn,5,nbr,6,0.35603605055253323
rdbpfn,5,nbr,7,0.372428748925808
rdbpfn,6,col,0,0.5239394524773503
rdbpfn,6,col,1,0.5652953780630047
rdbpfn,6,col,2,0.4845811497477007
rdbpfn,6,col,3,0.6154516593282082
rdbpfn,6,col,4,0.6421829591251782
rdbpfn,6,col,5,0.6505377605904258
rdbpfn,6,col,6,0.48042291523407676
rdbpfn,6,col,7,0.588038069589552
rdbpfn,6,feat,0,0.6965435253278323
rdbpfn,6,feat,1,0.4362066514768045
rdbpfn,6,feat,2,0.40048622757767205
rdbpfn,6,feat,3,0.4113035844073665
rdbpfn,6,feat,4,0.4526418235021835
rdbpfn,6,feat,5,0.4060809076971178
rdbpfn,6,feat,6,0.49807746082710025
rdbpfn,6,feat,7,0.4065067506959247
rdbpfn,6,nbr,0,0.29867595962178034
rdbpfn,6,nbr,1,0.28976865487097236
rdbpfn,6,nbr,2,0.4279021430541759
rdbpfn,6,nbr,3,0.34883258876528944
rdbpfn,6,nbr,4,0.3433020637211759
rdbpfn,6,nbr,5,0.41859159898721443
rdbpfn,6,nbr,6,0.35720428242977087
rdbpfn,6,nbr,7,0.42701529236117225
rdbpfn,7,col,0,0.48027996680873675
rdbpfn,7,col,1,0.49094255748914317
rdbpfn,7,col,2,0.513299428060529
rdbpfn,7,col,3,0.7034622668312868
rdbpfn,7,col,4,0.5244574218101195
rdbpfn,7,col,5,0.6196979096500671
rdbpfn,7,col,6,0.5563435414238938
rdbpfn,7,col,7,0.5680537549151663
rdbpfn,7,feat,0,0.43916789653082283
rdbpfn,7,feat,1,0.33483533478423205
rdbpfn,7,feat,2,0.35840457006711507
rdbpfn,7,feat,3,0.3957805540844521
rdbpfn,7,feat,4,0.44264591048095714
rdbpfn,7,feat,5,0.43498986383116633
rdbpfn,7,feat,6,0.3474995602889675
rdbpfn,7,feat,7,0.4815453818049377
rdbpfn,7,nbr,0,0.38104593647225626
rdbpfn,7,nbr,1,0.30541521978989683
rdbpfn,7,nbr,2,0.36293036168378356
rdbpfn,7,nbr,3,0.3883524353582959
rdbpfn,7,nbr,4,0.38050990332508844
rdbpfn,7,nbr,5,0.4030392824571782
rdbpfn,7,nbr,6,0.3796590965149214
rdbpfn,7,nbr,7,0.43655589108936155
rdbpfn,8,col,0,0.6348628277814413
rdbpfn,8,col,1,0.5620480914239944
rdbpfn,8,col,2,0.5972510488239651
rdbpfn,8,col,3,0.6457256968015215
rdbpfn,8,col,4,0.517955226994966
rdbpfn,8,col,5,0.5758150579912645
rdbpfn,8,col,6,0.5429224244945287
rdbpfn,8,col,7,0.5013356362710925
rdbpfn,8,feat,0,0.43373538616528
rdbpfn,8,feat,1,0.44245183797770965
rdbpfn,8,feat,2,0.47899694175206825
rdbpfn,8,feat,3,0.47627282328247156
rdbpfn,8,feat,4,0.4889354900419733
rdbpfn,8,feat,5,0.42059721423805024
rdbpfn,8,feat,6,0.4227931134219329
rdbpfn,8,feat,7,0.5014624962384957
rdbpfn,8,nbr,0,0.3232663511481697
rdbpfn,8,nbr,1,0.31370084529028797
rdbpfn,8,nbr,2,0.30497297643619015
rdbpfn,8,nbr,3,0.3680538397000261
rdbpfn,8,nbr,4,0.31359979102907165
rdbpfn,8,nbr,5,0.41183820272852273
rdbpfn,8,nbr,6,0.5665878777493429
rdbpfn,8,nbr,7,0.38134473538226493
rdbpfn,9,col,0,0.5906930045431524
rdbpfn,9,col,1,0.5817819131674375
rdbpfn,9,col,2,0.6171809660891641
rdbpfn,9,col,3,0.590525564648721
rdbpfn,9,col,4,0.598021330309685
rdbpfn,9,col,5,0.513092301484985
rdbpfn,9,col,6,0.5534756108252324
rdbpfn,9,col,7,0.6210059337793187
rdbpfn,9,feat,0,0.4374553070060267
rdbpfn,9,feat,1,0.38936699476325126
rdbpfn,9,feat,2,0.47224620892768526
rdbpfn,9,feat,3,0.4184951920619129
rdbpfn,9,feat,4,0.36629093567958204
rdbpfn,9,feat,5,0.46935760536928245
rdbpfn,9,feat,6,0.5144384089503474
rdbpfn,9,feat,7,0.39558314088797375
rdbpfn,9,nbr,0,0.32140495505881106
rdbpfn,9,nbr,1,0.39248520429933553
rdbpfn,9,nbr,2,0.4081960499529091
rdbpfn,9,nbr,3,0.3002057918141643
rdbpfn,9,nbr,4,0.3774782757437075
rdbpfn,9,nbr,5,0.5040369566613817
rdbpfn,9,nbr,6,0.3983405617054919
rdbpfn,9,nbr,7,0.29169967122612755
rdbpfn,10,col,0,0.5361586844172281
rdbpfn,10,col,1,0.44734274728178314
rdbpfn,10,col,2,0.5473629001204349
rdbpfn,10,col,3,0.5075156884986568
rdbpfn,10,col,4,0.539886918805471
rdbpfn,10,col,5,0.6276058768147533
rdbpfn,10,col,6,0.5982373208456082
rdbpfn,10,col,7,0.5350260471750313
rdbpfn,10,feat,0,0.4815730337529366
rdbpfn,10,feat,1,0.4399678077354396
rdbpfn,10,feat,2,0.3694200643854778
rdbpfn,10,feat,3,0.3902022840194246
rdbpfn,10,feat,4,0.35781048145307853
rdbpfn,10,feat,5,0.5192371446598133
rdbpfn,10,feat,6,0.6073968121672243
rdbpfn,10,feat,7,0.46951304160815277
rdbpfn,10,nbr,0,0.3471414472748186
rdbpfn,10,nbr,1,0.32730844484825194
rdbpfn,10,nbr,2,0.33055646647578013
rdbpfn,10,nbr,3,0.32461338270263396
rdbpfn,10,nbr,4,0.273618992109986
rdbpfn,10,nbr,5,0.24222549786431383
rdbpfn,10,nbr,6,0.3000924472127099
rdbpfn,10,nbr,7,0.405085487905774
rdbpfn,11,col,0,0.5108937499945959
rdbpfn,11,col,1,0.610078311025694
rdbpfn,11,col,2,0.5775818528651403
rdbpfn,11,col,3,0.5677132456826511
rdbpfn,11,col,4,0.5988435980881175
rdbpfn,11,col,5,0.5492221564923887
rdbpfn,11,col,6,0.5594420127846453
rdbpfn,11,col,7,0.6683629863558955
rdbpfn,11,feat,0,0.38677961660402227
rdbpfn,11,feat,1,0.5096136904435379
rdbpfn,11,feat,2,0.46912807873443163
rdbpfn,11,feat,3,0.48297370978443277
rdbpfn,11,feat,4,0.3707366429763293
rdbpfn,11,feat,5,0.4166890053920007
rdbpfn,11,feat,6,0.4223568822122395
rdbpfn,11,feat,7,0.5076505916417489
rdbpfn,11,nbr,0,0.32646788796235926
rdbpfn,11,nbr,1,0.27193817454280494
rdbpfn,11,nbr,2,0.26218971713848455
rdbpfn,11,nbr,3,0.4625623863099207
rdbpfn,11,nbr,4,0.27330362584946766
rdbpfn,11,nbr,5,0.3979497734019153
rdbpfn,11,nbr,6,0.2702083582732268
rdbpfn,11,nbr,7,0.30387139144972913
reldiff,0,col,0,0.4845481839829801
reldiff,0,col,1,0.4454692974441788
reldiff,0,col,2,0.520568922796254
reldiff,0,col,3,0.4923330538346587
reldiff,0,col,4,0.449779657884127
reldiff,0,col,5,0.5379247545150889
reldiff,0,col,6,0.5476649199328726
reldiff,0,col,7,0.4330217867649506
reldiff,0,feat,0,0.43243507272072473
reldiff,0,feat,1,0.4104364936375381
reldiff,0,feat,2,0.4587527157160025
reldiff,0,feat,3,0.5035163346693248
reldiff,0,feat,4,0.5628347394257038
reldiff,0,feat,5,0.40639378680720695
reldiff,0,feat,6,0.4406877637017575
reldiff,0,feat,7,0.46198941073910044
reldiff,0,nbr,0,0.76601601366717
reldiff,0,nbr,1,0.7251028863480622
reldiff,0,nbr,2,1.027616674917781
reldiff,0,nbr,3,0.7859709152413903
reldiff,0,nbr,4,0.7384728783467913
reldiff,0,nbr,5,0.7108295694104712
reldiff,0,nbr,6,0.772725847154975
reldiff,0,nbr,7,0.6587911463867668
reldiff,1,col,0,0.46624185174375005
reldiff,1,col,1,0.4369149660383354
reldiff,1,col,2,0.5125596511830494
reldiff,1,col,3,0.6280912663050866
reldiff,1,col,4,0.5113973372545524
reldiff,1,col,5,0.5743798886185527
reldiff,1,col,6,0.4935086302407254
reldiff,1,col,7,0.4293915292801071
reldiff,1,feat,0,0.5060974503488165
reldiff,1,feat,1,0.43638704930006
reldiff,1,feat,2,0.47804411019992177
reldiff,1,feat,3,0.416605569164755
reldiff,1,feat,4,0.4496078091817016
reldiff,1,feat,5,0.6471563747755322
reldiff,1,feat,6,0.48150912513855415
reldiff,1,feat,7,0.5524397695084552
reldiff,1,nbr,0,0.8601050570409717
reldiff,1,nbr,1,0.960355031641648
reldiff,1,nbr,2,0.7948956403222589
reldiff,1,nbr,3,0.6141342833351334
reldiff,1,nbr,4,0.8271779637206765
reldiff,1,nbr,5,0.6478043590481288
reldiff,1,nbr,6,0.7268236675324634
reldiff,1,nbr,7,0.6324690016022201
reldiff,2,col,0,0.47748515247995826
reldiff,2,col,1,0.4405475636338346
reldiff,2,col,2,0.5417780461714709
reldiff,2,col,3,0.49814204634357206
reldiff,2,col,4,0.5914946892473529
reldiff,2,col,5,0.5379766709838391
reldiff,2,col,6,0.44548422237957047
reldiff,2,col,7,0.5834021680244579
reldiff,2,feat,0,0.5566075365371183
reldiff,2,feat,1,0.4721177931500146
reldiff,2,feat,2,0.43139058634207805
reldiff,2,feat,3,0.46541253321222875
reldiff,2,feat,4,0.5050183396532455
reldiff,2,feat,5,0.41959949804942853
reldiff,2,feat,6,0.4903420333890604
reldiff,2,feat,7,0.4586873249849411
reldiff,2,nbr,0,0.8676083978131549
reldiff,2,nbr,1,0.6391487528553792
reldiff,2,nbr,2,0.6593220761831647
reldiff,2,nbr,3,0.7530444759042174
reldiff,2,nbr,4,0.7386398605033823
reldiff,2,nbr,5,0.612993230430529
reldiff,2,nbr,6,0.7331945641352684
reldiff,2,nbr,7,0.6834453639697402
reldiff,3,col,0,0.4876256546975899
reldiff,3,col,1,0.440269417793905
reldiff,3,col,2,0.5845212254943096
reldiff,3,col,3,0.5354844308727174
reldiff,3,col,4,0.49386721046723475
reldiff,3,col,5,0.6043033505187126
reldiff,3,col,6,0.4530997372030476
reldiff,3,col,7,0.5374835289050475
reldiff,3,feat,0,0.558650043958802
reldiff,3,feat,1,0.5503464413026296
reldiff,3,feat,2,0.4131714301774668
reldiff,3,feat,3,0.6128458889303452
reldiff,3,feat,4,0.5204119567210012
reldiff,3,feat,5,0.5568919099836958
reldiff,3,feat,6,0.614592689844343
reldiff,3,feat,7,0.6199694329800303
reldiff,3,nbr,0,0.7787150598880446
reldiff,3,nbr,1,0.7917607036170606
reldiff,3,nbr,2,0.8150494539872275
reldiff,3,nbr,3,0.8401483693036149
reldiff,3,nbr,4,0.6572800171016734
reldiff,3,nbr,5,0.6730026496265394
reldiff,3,nbr,6,0.8009663716774624
reldiff,3,nbr,7,0.6952434087565683
reldiff,4,col,0,0.5240203668943023
reldiff,4,col,1,0.5461614943985543
reldiff,4,col,2,0.5072833844255531
reldiff,4,col,3,0.4493960424604468
reldiff,4,col,4,0.5036003696250402
reldiff,4,col,5,0.557485252511937
reldiff,4,col,6,0.5365295922225252
reldiff,4,col,7,0.47697216350538874
reldiff,4,feat,0,0.6881805351647314
reldiff,4,feat,1,0.5251915848934152
reldiff,4,feat,2,0.5692467595135074
reldiff,4,feat,3,0.4770343156860382
reldiff,4,feat,4,0.6640711475258055
reldiff,4,feat,5,0.7171276145441562
reldiff,4,feat,6,0.5451959481330934
reldiff,4,feat,7,0.6999944720731174
reldiff,4,nbr,0,0.7060732753306598
reldiff,4,nbr,1,0.801520885257291
reldiff,4,nbr,2,0.7863537448323205
reldiff,4,nbr,3,0.6778196836313368
reldiff,4,nbr,4,0.6070110550887882
reldiff,4,nbr,5,0.7075591461274675
reldiff,4,nbr,6,0.6661097272692269
reldiff,4,nbr,7,0.6263646783829033
reldiff,5,col,0,0.48696474935401984
reldiff,5,col,1,0.5313949580031752
reldiff,5,col,2,0.5228998248141479
reldiff,5,col,3,0.4660033300333496
reldiff,5,col,4,0.4735034333324126
reldiff,5,col,5,0.511030868652249
reldiff,5,col,6,0.5474993003335602
reldiff,5,col,7,0.5500399541837472
reldiff,5,feat,0,0.5775967065749624
reldiff,5,feat,1,0.5064116486270734
reldiff,5,feat,2,0.5590507465255041
reldiff,5,feat,3,0.5554464346457998
reldiff,5,feat,4,0.6083803832435357
reldiff,5,feat,5,0.5206360006028855
reldiff,5,feat,6,0.4615072228952922
reldiff,5,feat,7,0.4530664891251415
reldiff,5,nbr,0,0.6533699016824612
reldiff,5,nbr,1,0.6824728304219898
reldiff,5,nbr,2,0.6021066161761072
reldiff,5,nbr,3,0.5890916108848437
reldiff,5,nbr,4,0.739910341667742
reldiff,5,nbr,5,0.6202902484813612
reldiff,5,nbr,6,0.6368282610090072
reldiff,5,nbr,7,0.850846505793256
reldiff,6,col,0,0.49490459851563107
reldiff,6,col,1,0.5739782471989756
reldiff,6,col,2,0.4952211684641372
reldiff,6,col,3,0.5503591736280695
reldiff,6,col,4,0.6206275701901787
reldiff,6,col,5,0.6390055505145101
reldiff,6,col,6,0.48477544690063784
reldiff,6,col,7,0.566005324828767
reldiff,6,feat,0,0.9220499220267965
reldiff,6,feat,1,0.6026242410804956
reldiff,6,feat,2,0.4725405969285014
reldiff,6,feat,3,0.6192222595548548
reldiff,6,feat,4,0.49893172703513633
reldiff,6,feat,5,0.5619178580910712
reldiff,6,feat,6,0.7279307034554235
reldiff,6,feat,7,0.4829372672251618
reldiff,6,nbr,0,0.5282802496085163
reldiff,6,nbr,1,0.5484651573521659
reldiff,6,nbr,2,0.8538657284376928
reldiff,6,nbr,3,0.6693227830656706
reldiff,6,nbr,4,0.7195046676753738
reldiff,6,nbr,5,0.7306426550149122
reldiff,6,nbr,6,0.7159883320170041
reldiff,6,nbr,7,0.7100210728422786
reldiff,7,col,0,0.4820949512352236
reldiff,7,col,1,0.48486603181948135
reldiff,7,col,2,0.4826974950162083
reldiff,7,col,3,0.6432950157303029
reldiff,7,col,4,0.4702270284403003
reldiff,7,col,5,0.5017459976391139
reldiff,7,col,6,0.5303935253953486
reldiff,7,col,7,0.5350684403684713
reldiff,7,feat,0,0.6503933256396794
reldiff,7,feat,1,0.4564826150259927
reldiff,7,feat,2,0.6195624085103689
reldiff,7,feat,3,0.6242240917469007
reldiff,7,feat,4,0.526777899885639
reldiff,7,feat,5,0.6095803355010503
reldiff,7,feat,6,0.5553189800047521
reldiff,7,feat,7,0.7575724064100806
reldiff,7,nbr,0,0.6817532531029781
reldiff,7,nbr,1,0.554805689295591
reldiff,7,nbr,2,0.6616397474974307
reldiff,7,nbr,3,0.6688924197705512
reldiff,7,nbr,4,0.7271506277456605
reldiff,7,nbr,5,0.6690519401050137
reldiff,7,nbr,6,0.7859487092904295
reldiff,7,nbr,7,1.030360542701062
reldiff,8,col,0,0.6707309863747182
reldiff,8,col,1,0.5937206486926049
reldiff,8,col,2,0.5984365303265756
reldiff,8,col,3,0.6498792745965445
reldiff,8,col,4,0.5999104678886062
reldiff,8,col,5,0.5335069705888509
reldiff,8,col,6,0.5370081719508387
reldiff,8,col,7,0.4844413892563765
reldiff,8,feat,0,0.7416400144954858
reldiff,8,feat,1,0.6995792791388453
reldiff,8,feat,2,0.6753196159395652
reldiff,8,feat,3,0.6224932886914712
reldiff,8,feat,4,0.7075061888980103
reldiff,8,feat,5,0.7009941662193289
reldiff,8,feat,6,0.6255628108127587
reldiff,8,feat,7,0.7513006822957551
reldiff,8,nbr,0,0.4614668530143413
reldiff,8,nbr,1,0.5738752985832819
reldiff,8,nbr,2,0.4985274109719777
reldiff,8,nbr,3,0.6272066768238621
reldiff,8,nbr,4,0.48691554002350224
reldiff,8,nbr,5,0.5534960819366743
reldiff,8,nbr,6,0.6113748684888631
reldiff,8,nbr,7,0.6151867197138954
reldiff,9,col,0,0.5769808214393114
reldiff,9,col,1,0.5794478887758825
reldiff,9,col,2,0.6262325293184602
reldiff,9,col,3,0.594094932273855
reldiff,9,col,4,0.5847276308334206
reldiff,9,col,5,0.5580759749875367
reldiff,9,col,6,0.5408024350645648
reldiff,9,col,7,0.6633665477062549
reldiff,9,feat,0,0.7160726001170692
reldiff,9,feat,1,0.6076565071609592
reldiff,9,feat,2,0.8675881310941801
reldiff,9,feat,3,0.5920088706187621
reldiff,9,feat,4,0.45142405344448766
reldiff,9,feat,5,0.6651061692179079
reldiff,9,feat,6,0.7348722134170869
reldiff,9,feat,7,0.516840063036389
reldiff,9,nbr,0,0.5015472002755972
reldiff,9,nbr,1,0.5222862736023215
reldiff,9,nbr,2,0.5487809551236701
reldiff,9,nbr,3,0.560909144208173
reldiff,9,nbr,4,0.4890802750388932
reldiff,9,nbr,5,0.5327844443164218
reldiff,9,nbr,6,0.5854118166597612
reldiff,9,nbr,7,0.46526567960741955
reldiff,10,col,0,0.48906800401046246
reldiff,10,col,1,0.5627095871782746
reldiff,10,col,2,0.631186524471538
reldiff,10,col,3,0.508870050643769
reldiff,10,col,4,0.5300111209629316
reldiff,10,col,5,0.6031727850963734
reldiff,10,col,6,0.5754643217595354
reldiff,10,col,7,0.618251863605029
reldiff,10,feat,0,0.6706778817600259
reldiff,10,feat,1,0.7508615571894186
reldiff,10,feat,2,0.7370105131287783
reldiff,10,feat,3,0.580960091335787
reldiff,10,feat,4,0.6385597632230857
reldiff,10,feat,5,0.5601508572583532
reldiff,10,feat,6,0.8009521302052771
reldiff,10,feat,7,0.7529471428773693
reldiff,10,nbr,0,0.47237629126266034
reldiff,10,nbr,1,0.5797624692482721
reldiff,10,nbr,2,0.38737927967494323
reldiff,10,nbr,3,0.43587705900752327
reldiff,10,nbr,4,0.39855070469388015
reldiff,10,nbr,5,0.3207226226910696
reldiff,10,nbr,6,0.38579969339637876
reldiff,10,nbr,7,0.5568893512702594
reldiff,11,col,0,0.6208599298229165
reldiff,11,col,1,0.6622109180556331
reldiff,11,col,2,0.6799039359072837
reldiff,11,col,3,0.6504288510381396
reldiff,11,col,4,0.7198782467261331
reldiff,11,col,5,0.6184556162023025
reldiff,11,col,6,0.6479794567788278
reldiff,11,col,7,0.7025407774678674
reldiff,11,feat,0,0.5694251669422284
reldiff,11,feat,1,0.590525630887252
reldiff,11,feat,2,0.9673715444055283
reldiff,11,feat,3,0.5081455495709561
reldiff,11,feat,4,0.5845043903553871
reldiff,11,feat,5,0.6150244884635839
reldiff,11,feat,6,0.6143508258499216
reldiff,11,feat,7,1.0429501835459927
reldiff,11,nbr,0,0.34798276494891983
reldiff,11,nbr,1,0.34416049321872905
reldiff,11,nbr,2,0.3087976180646098
reldiff,11,nbr,3,0.34543855424730113
reldiff,11,nbr,4,0.33094186182452595
reldiff,11,nbr,5,0.34943643746720243
reldiff,11,nbr,6,0.3493413323863792
reldiff,11,nbr,7,0.3939745677020092
